genres,avg_rating
(no genres listed),3.326379239118188
action,2.942047497398051
"action, adventure",3.696463092072664
"action, adventure, animation",3.657475169890225
"action, adventure, animation, children",3.5764915309094834
"action, adventure, animation, children, comedy",3.8138095128092586
"action, adventure, animation, children, comedy, fantasy",3.6016752577319586
"action, adventure, animation, children, comedy, imax",3.3630375114364135
"action, adventure, animation, children, comedy, romance",3.287125340599455
"action, adventure, animation, children, comedy, sci-fi",3.071981424148607
"action, adventure, animation, children, comedy, sci-fi, imax",2.6083333333333334
"action, adventure, animation, children, comedy, western",3.3440874730021597
"action, adventure, animation, children, crime, mystery",4.285714285714286
"action, adventure, animation, children, drama",2.75
"action, adventure, animation, children, fantasy",2.818988173455979
"action, adventure, animation, children, fantasy, sci-fi",4.058796634967081
"action, adventure, animation, children, mystery",3.1875
"action, adventure, animation, children, sci-fi",3.2681663837011885
"action, adventure, animation, comedy",3.442726580350343
"action, adventure, animation, comedy, crime, mystery",3.8802216538789427
"action, adventure, animation, comedy, drama, fantasy, romance",3.742857142857143
"action, adventure, animation, comedy, fantasy",3.561224489795918
"action, adventure, animation, comedy, fantasy, mystery, sci-fi",3.221917808219178
"action, adventure, animation, comedy, sci-fi",3.49
"action, adventure, animation, comedy, thriller",2.887323943661972
"action, adventure, animation, crime",3.6666666666666665
"action, adventure, animation, crime, fantasy",3.7645687645687644
"action, adventure, animation, drama",3.574433656957929
"action, adventure, animation, drama, fantasy",4.1074127906976745
"action, adventure, animation, drama, fantasy, sci-fi",3.2916666666666665
"action, adventure, animation, drama, romance",3.8947368421052633
"action, adventure, animation, drama, sci-fi",3.45
"action, adventure, animation, drama, sci-fi, war",3.4761904761904763
"action, adventure, animation, fantasy",3.4958088851634534
"action, adventure, animation, fantasy, horror",3.7176870748299318
"action, adventure, animation, fantasy, imax",2.870321361058601
"action, adventure, animation, fantasy, sci-fi",3.234679904142417
"action, adventure, animation, horror",3.3022388059701493
"action, adventure, animation, horror, sci-fi",3.37419399094526
"action, adventure, animation, mystery, sci-fi",3.1666666666666665
"action, adventure, animation, sci-fi",3.8457883369330452
"action, adventure, animation, sci-fi, thriller",3.066666666666667
"action, adventure, children",2.666355140186916
"action, adventure, children, comedy",2.5613718411552346
"action, adventure, children, comedy, crime",2.7152777777777777
"action, adventure, children, comedy, fantasy",3.404076360887097
"action, adventure, children, comedy, fantasy, sci-fi",2.0785227680172103
"action, adventure, children, comedy, mystery",2.283109404990403
"action, adventure, children, comedy, romance",3.1666666666666665
"action, adventure, children, comedy, sci-fi",2.16710182767624
"action, adventure, children, crime, mystery, thriller",3.2196531791907512
"action, adventure, children, drama",2.1939461883408073
"action, adventure, children, drama, fantasy",3.225
"action, adventure, children, drama, fantasy, sci-fi",2.3214285714285716
"action, adventure, children, drama, western",3.5
"action, adventure, children, fantasy",2.8212091179385532
"action, adventure, children, fantasy, mystery, thriller",3.371033360455655
"action, adventure, children, fantasy, sci-fi",2.8333333333333335
"action, adventure, children, imax",3.359479015918958
"action, adventure, children, mystery, sci-fi",3.2215676229508197
"action, adventure, children, romance",3.0588235294117645
"action, adventure, children, sci-fi",3.374095989480605
"action, adventure, comedy",3.2005430111727478
"action, adventure, comedy, crime",3.160526172647
"action, adventure, comedy, crime, drama",3.4422735346358793
"action, adventure, comedy, crime, drama, film-noir, horror, mystery, thriller, western",2.9785202863961815
"action, adventure, comedy, crime, drama, romance, thriller",3.3636363636363638
"action, adventure, comedy, crime, drama, thriller",2.6923076923076925
"action, adventure, comedy, crime, drama, war",3.142857142857143
"action, adventure, comedy, crime, fantasy",3.1386393659180976
"action, adventure, comedy, crime, mystery, romance",2.25
"action, adventure, comedy, crime, mystery, thriller",3.725545950864422
"action, adventure, comedy, crime, romance, thriller",2.9019607843137254
"action, adventure, comedy, crime, sci-fi",3.232142857142857
"action, adventure, comedy, crime, thriller",2.814401400744145
"action, adventure, comedy, crime, thriller, war",2.9166666666666665
"action, adventure, comedy, documentary, fantasy",2.9696969696969697
"action, adventure, comedy, drama",3.3203125
"action, adventure, comedy, drama, fantasy, thriller",2.5
"action, adventure, comedy, drama, horror",2.8333333333333335
"action, adventure, comedy, drama, mystery, romance, thriller",3.1724137931034484
"action, adventure, comedy, drama, romance",3.246328437917223
"action, adventure, comedy, drama, romance, thriller",3.719941348973607
"action, adventure, comedy, drama, romance, war",3.803448275862069
"action, adventure, comedy, drama, romance, western",0.5
"action, adventure, comedy, drama, thriller",3.1829710144927534
"action, adventure, comedy, drama, war",3.5964614237175767
"action, adventure, comedy, fantasy",3.4476595208423766
"action, adventure, comedy, fantasy, horror",3.7328222828704445
"action, adventure, comedy, fantasy, horror, sci-fi",1.0
"action, adventure, comedy, fantasy, horror, thriller",3.2010470666735102
"action, adventure, comedy, fantasy, mystery",2.8877792378449407
"action, adventure, comedy, fantasy, romance",4.124002519949601
"action, adventure, comedy, fantasy, sci-fi",3.5477223427331888
"action, adventure, comedy, fantasy, sci-fi, thriller",2.1447368421052633
"action, adventure, comedy, horror",3.121374045801527
"action, adventure, comedy, horror, sci-fi, thriller",2.1666666666666665
"action, adventure, comedy, horror, thriller",3.125
"action, adventure, comedy, musical, romance, thriller",3.699324324324324
"action, adventure, comedy, mystery",2.619565217391304
"action, adventure, comedy, mystery, romance",3.8333333333333335
"action, adventure, comedy, romance",3.2872389485473352
"action, adventure, comedy, romance, thriller",3.4205427196670857
"action, adventure, comedy, romance, war",3.6666666666666665
"action, adventure, comedy, sci-fi",3.5582099997022127
"action, adventure, comedy, sci-fi, imax",2.8168316831683167
"action, adventure, comedy, sci-fi, thriller",3.418918918918919
"action, adventure, comedy, thriller",3.017182727020272
"action, adventure, comedy, war",3.1658122235625252
"action, adventure, comedy, war, western",4.0
"action, adventure, comedy, western",3.2819204332430743
"action, adventure, crime",3.304274611398964
"action, adventure, crime, drama",2.4449468085106383
"action, adventure, crime, drama, fantasy, horror, mystery",2.5
"action, adventure, crime, drama, mystery",1.5
"action, adventure, crime, drama, mystery, thriller",3.6666666666666665
"action, adventure, crime, drama, romance",2.5
"action, adventure, crime, drama, romance, thriller",2.7577220077220077
"action, adventure, crime, drama, sci-fi",2.8958333333333335
"action, adventure, crime, drama, sci-fi, thriller, war",3.0
"action, adventure, crime, drama, thriller",4.153174525533164
"action, adventure, crime, drama, thriller, war",3.844497022109815
"action, adventure, crime, drama, western",3.326530612244898
"action, adventure, crime, fantasy",2.5454545454545454
"action, adventure, crime, film-noir, romance",2.5
"action, adventure, crime, horror",2.0833333333333335
"action, adventure, crime, horror, sci-fi",2.0
"action, adventure, crime, horror, thriller",3.5649867374005306
"action, adventure, crime, imax",3.9713489353153877
"action, adventure, crime, mystery",3.2222222222222223
"action, adventure, crime, mystery, romance",2.911764705882353
"action, adventure, crime, mystery, thriller",3.2285714285714286
"action, adventure, crime, romance",1.25
"action, adventure, crime, romance, western",3.0
"action, adventure, crime, sci-fi, thriller",2.9629337539432177
"action, adventure, crime, thriller",3.229425828383578
"action, adventure, crime, war",1.6666666666666667
"action, adventure, crime, western",3.0
"action, adventure, documentary",3.7864077669902914
"action, adventure, documentary, drama",3.5
"action, adventure, documentary, drama, thriller, western",2.5
"action, adventure, drama",3.7410590664345573
"action, adventure, drama, fantasy",3.9889340027914226
"action, adventure, drama, fantasy, horror, romance, sci-fi",2.4285714285714284
"action, adventure, drama, fantasy, imax",3.3739905610907184
"action, adventure, drama, fantasy, mystery",3.607142857142857
"action, adventure, drama, fantasy, mystery, imax",3.9059325176121615
"action, adventure, drama, fantasy, romance",4.0
"action, adventure, drama, fantasy, romance, sci-fi, thriller",3.1666666666666665
"action, adventure, drama, fantasy, sci-fi, thriller",2.625
"action, adventure, drama, fantasy, thriller",3.134318637274549
"action, adventure, drama, horror, sci-fi",0.75
"action, adventure, drama, horror, thriller",3.3947368421052633
"action, adventure, drama, imax",3.1369485294117645
"action, adventure, drama, musical, romance, thriller, war",2.5714285714285716
"action, adventure, drama, mystery",3.350515463917526
"action, adventure, drama, mystery, thriller",3.365129890132457
"action, adventure, drama, romance",3.0439955727725514
"action, adventure, drama, romance, thriller",3.2255813953488373
"action, adventure, drama, romance, thriller, western",3.528735632183908
"action, adventure, drama, romance, war",3.1745644599303136
"action, adventure, drama, romance, western",3.102272727272727
"action, adventure, drama, sci-fi",2.938155333710052
"action, adventure, drama, sci-fi, thriller",3.4542908247503736
"action, adventure, drama, thriller",3.4360934974512
"action, adventure, drama, thriller, imax",3.425704989154013
"action, adventure, drama, thriller, war",2.9296424452133794
"action, adventure, drama, thriller, western",3.880743158423299
"action, adventure, drama, war",3.633452873399968
"action, adventure, drama, war, western",3.2690582959641254
"action, adventure, drama, western",3.8429097857240344
"action, adventure, fantasy",3.2565095541401274
"action, adventure, fantasy, horror",3.2442371269417145
"action, adventure, fantasy, horror, sci-fi",3.1666666666666665
"action, adventure, fantasy, horror, sci-fi, thriller",0.5
"action, adventure, fantasy, horror, thriller",2.646694214876033
"action, adventure, fantasy, imax",3.5462980042055556
"action, adventure, fantasy, musical",1.4285714285714286
"action, adventure, fantasy, musical, romance",1.6666666666666667
"action, adventure, fantasy, mystery",2.941531200839014
"action, adventure, fantasy, mystery, sci-fi",2.6818181818181817
"action, adventure, fantasy, romance",3.2756336405529956
"action, adventure, fantasy, romance, imax",3.119301648884578
"action, adventure, fantasy, romance, sci-fi",2.8974358974358974
"action, adventure, fantasy, sci-fi",3.231096928858365
"action, adventure, fantasy, sci-fi, imax",3.567401056158083
"action, adventure, fantasy, sci-fi, thriller",1.7266666666666666
"action, adventure, fantasy, thriller",2.316344057607188
"action, adventure, fantasy, war",2.801470588235294
"action, adventure, horror",2.58125
"action, adventure, horror, mystery",1.6666666666666667
"action, adventure, horror, mystery, sci-fi, thriller",2.6315240083507305
"action, adventure, horror, sci-fi",3.9777131481539083
"action, adventure, horror, sci-fi, thriller",3.042134831460674
"action, adventure, horror, thriller",2.7142857142857144
"action, adventure, imax",2.826923076923077
"action, adventure, mystery",2.8333333333333335
"action, adventure, mystery, romance",1.6666666666666667
"action, adventure, mystery, romance, thriller",4.196617210682493
"action, adventure, mystery, sci-fi",2.6023358085213757
"action, adventure, mystery, sci-fi, thriller",2.6310679611650487
"action, adventure, mystery, thriller",3.406975863461927
"action, adventure, romance",3.3933507657825923
"action, adventure, romance, sci-fi",1.9285714285714286
"action, adventure, romance, thriller",3.2086923167709194
"action, adventure, romance, war",3.0674603174603177
"action, adventure, romance, western",3.0
"action, adventure, sci-fi",3.554423282680592
"action, adventure, sci-fi, imax",3.4608737397983678
"action, adventure, sci-fi, thriller",3.456798975743802
"action, adventure, sci-fi, thriller, imax",3.2606716683374835
"action, adventure, sci-fi, thriller, war",3.63522870861764
"action, adventure, sci-fi, war, imax",2.7216187806587246
"action, adventure, sci-fi, western",2.612
"action, adventure, thriller",3.3718388969521045
"action, adventure, thriller, imax",3.636058830158909
"action, adventure, thriller, war",2.4517142109395444
"action, adventure, thriller, western",2.5294117647058822
"action, adventure, war",3.31809376210771
"action, adventure, war, western",2.5
"action, adventure, western",4.113736176517276
"action, adventure, western, imax",2.9461444308445532
"action, animation",3.188102893890675
"action, animation, children",3.116279069767442
"action, animation, children, comedy",2.811184210526316
"action, animation, children, comedy, fantasy",2.5
"action, animation, children, comedy, imax",3.6060040856203925
"action, animation, children, comedy, sci-fi",2.56
"action, animation, children, comedy, sci-fi, imax",3.561341075107698
"action, animation, children, crime",3.4864
"action, animation, children, fantasy",2.720665499124343
"action, animation, children, fantasy, sci-fi",3.4939759036144578
"action, animation, children, sci-fi",3.0914221218961626
"action, animation, comedy",3.8305953969312876
"action, animation, comedy, crime, drama, romance, thriller",2.8728386167146973
"action, animation, comedy, fantasy",3.408536585365854
"action, animation, comedy, fantasy, horror, sci-fi",3.5
"action, animation, comedy, horror, mystery, thriller",3.4411764705882355
"action, animation, comedy, horror, thriller",2.7388059701492535
"action, animation, comedy, romance",3.537037037037037
"action, animation, comedy, romance, western",2.5454545454545454
"action, animation, comedy, sci-fi",3.272727272727273
"action, animation, comedy, thriller",1.9
"action, animation, crime",3.2734375
"action, animation, crime, drama",3.0017123287671232
"action, animation, crime, drama, mystery",2.8333333333333335
"action, animation, crime, horror, sci-fi",3.9285714285714284
"action, animation, crime, mystery",3.0727272727272728
"action, animation, crime, sci-fi",4.129716981132075
"action, animation, crime, sci-fi, thriller",3.675141242937853
"action, animation, crime, thriller",3.2023809523809526
"action, animation, drama",3.477272727272727
"action, animation, drama, fantasy, horror",3.3
"action, animation, drama, fantasy, sci-fi",3.912202380952381
"action, animation, drama, horror, sci-fi",3.3208955223880596
"action, animation, drama, mystery",3.1
"action, animation, drama, sci-fi",3.6424247982391784
"action, animation, drama, sci-fi, thriller",3.8013657957244655
"action, animation, drama, thriller",3.18
"action, animation, drama, war",3.125
"action, animation, fantasy",3.5767263427109977
"action, animation, fantasy, horror",3.1666666666666665
"action, animation, fantasy, horror, sci-fi, thriller",3.2790697674418605
"action, animation, fantasy, imax",3.3288590604026846
"action, animation, fantasy, sci-fi",3.449017199017199
"action, animation, fantasy, sci-fi, thriller",2.8684210526315788
"action, animation, film-noir, sci-fi, thriller",3.3413793103448275
"action, animation, horror",3.3678678678678677
"action, animation, horror, mystery",3.78525641025641
"action, animation, horror, sci-fi",3.5
"action, animation, horror, thriller",2.8823529411764706
"action, animation, mystery",3.609375
"action, animation, mystery, imax",3.4614202799590306
"action, animation, romance",3.3055555555555554
"action, animation, sci-fi",3.6459348070438367
"action, animation, sci-fi, thriller",3.8690508566766386
"action, animation, sci-fi, war",2.95
"action, animation, sci-fi, western",3.736220472440945
"action, animation, thriller",3.6363636363636362
"action, animation, western",3.5555555555555554
"action, children",1.9808236403646653
"action, children, comedy",2.112771255780861
"action, children, comedy, crime",2.3
"action, children, comedy, crime, drama, romance",2.7857142857142856
"action, children, comedy, drama",2.75
"action, children, comedy, drama, fantasy",3.0
"action, children, comedy, drama, fantasy, thriller",2.3
"action, children, comedy, drama, romance",3.3461538461538463
"action, children, comedy, drama, thriller",3.125
"action, children, comedy, fantasy, sci-fi",2.8507104262557537
"action, children, comedy, mystery",3.4
"action, children, comedy, romance",2.9680851063829787
"action, children, crime, drama",3.0
"action, children, crime, drama, romance",3.5
"action, children, crime, drama, thriller",2.5
"action, children, crime, fantasy, mystery",3.2777777777777777
"action, children, drama",3.0107438016528927
"action, children, drama, mystery, thriller",1.625
"action, children, drama, romance",3.0
"action, children, drama, thriller",4.5
"action, children, drama, western",4.25
"action, children, fantasy",2.598850574712644
"action, children, fantasy, musical",2.1
"action, children, fantasy, sci-fi",2.888888888888889
"action, children, romance",2.2760266049739735
"action, children, sci-fi, imax",3.001190476190476
"action, children, thriller",3.433333333333333
"action, comedy",3.0988360060233657
"action, comedy, crime",3.199866953228943
"action, comedy, crime, documentary",3.0
"action, comedy, crime, drama",3.5056825657894737
"action, comedy, crime, drama, horror, thriller",3.4759933774834435
"action, comedy, crime, drama, musical, romance",2.364864864864865
"action, comedy, crime, drama, musical, thriller",3.696078431372549
"action, comedy, crime, drama, mystery",2.9375
"action, comedy, crime, drama, romance",3.269230769230769
"action, comedy, crime, drama, romance, thriller",3.25
"action, comedy, crime, drama, sci-fi",3.650008506294658
"action, comedy, crime, drama, thriller",3.159680455442817
"action, comedy, crime, drama, war",2.892857142857143
"action, comedy, crime, fantasy",3.172135320906288
"action, comedy, crime, fantasy, thriller",3.7142857142857144
"action, comedy, crime, fantasy, thriller, imax",2.7201346045989903
"action, comedy, crime, horror",3.5799120234604107
"action, comedy, crime, horror, thriller",2.7857142857142856
"action, comedy, crime, mystery",3.8518144459148846
"action, comedy, crime, mystery, thriller",3.1052631578947367
"action, comedy, crime, romance",3.607772388501124
"action, comedy, crime, romance, thriller",2.1363636363636362
"action, comedy, crime, sci-fi",3.6666666666666665
"action, comedy, crime, thriller",3.155582418944889
"action, comedy, crime, western",2.7775
"action, comedy, documentary",2.9347826086956523
"action, comedy, documentary, drama",3.1052631578947367
"action, comedy, documentary, drama, romance, thriller",2.5
"action, comedy, drama",3.1170606100620626
"action, comedy, drama, fantasy, mystery, sci-fi, war",3.142857142857143
"action, comedy, drama, fantasy, sci-fi, imax",2.875
"action, comedy, drama, fantasy, thriller",3.4056603773584904
"action, comedy, drama, horror",2.1643518518518516
"action, comedy, drama, horror, thriller",3.6891025641025643
"action, comedy, drama, musical, romance",2.8529411764705883
"action, comedy, drama, mystery, thriller",4.0
"action, comedy, drama, romance",3.365497076023392
"action, comedy, drama, romance, thriller",3.5
"action, comedy, drama, romance, war",3.0
"action, comedy, drama, thriller",3.503053435114504
"action, comedy, drama, thriller, war",3.5
"action, comedy, drama, war",2.9615384615384617
"action, comedy, drama, western",3.1627906976744184
"action, comedy, fantasy",3.0082751209027405
"action, comedy, fantasy, horror",3.7680553897576696
"action, comedy, fantasy, horror, thriller",2.8933823529411766
"action, comedy, fantasy, imax",3.0459352280237937
"action, comedy, fantasy, musical, romance",3.7633714102700973
"action, comedy, fantasy, romance",3.5849056603773586
"action, comedy, fantasy, romance, sci-fi",2.0
"action, comedy, fantasy, sci-fi",3.5752828546562228
"action, comedy, fantasy, thriller",2.3593519882179677
"action, comedy, film-noir, musical, sci-fi",2.7777777777777777
"action, comedy, horror",3.528609062170706
"action, comedy, horror, musical",2.1481481481481484
"action, comedy, horror, mystery",1.7307692307692308
"action, comedy, horror, romance, sci-fi",3.435185185185185
"action, comedy, horror, romance, thriller",1.7
"action, comedy, horror, sci-fi",2.6426248891516404
"action, comedy, horror, sci-fi, thriller",3.7234141791044775
"action, comedy, horror, thriller",3.200531914893617
"action, comedy, horror, western",1.625
"action, comedy, imax",3.0031486146095716
"action, comedy, musical",3.6492598330321027
"action, comedy, musical, romance",2.977272727272727
"action, comedy, musical, sci-fi",3.25
"action, comedy, mystery",5.0
"action, comedy, mystery, romance",3.3
"action, comedy, mystery, romance, thriller",2.8684210526315788
"action, comedy, mystery, thriller",3.2941176470588234
"action, comedy, romance",3.2605088242035296
"action, comedy, romance, sci-fi",3.3333333333333335
"action, comedy, romance, sci-fi, thriller",3.2777777777777777
"action, comedy, romance, thriller",2.7575452716297786
"action, comedy, romance, war",3.331422875654124
"action, comedy, romance, western",3.1623376623376624
"action, comedy, sci-fi",3.412874246646361
"action, comedy, sci-fi, imax",3.383479420731707
"action, comedy, sci-fi, thriller",3.2193932827735643
"action, comedy, sci-fi, western",2.31967073274759
"action, comedy, thriller",3.1422922922922925
"action, comedy, thriller, western",2.6052631578947367
"action, comedy, war",3.056787255227348
"action, comedy, western",3.2557991513437057
"action, crime",3.3382679960327817
"action, crime, documentary",3.8333333333333335
"action, crime, documentary, thriller",2.0
"action, crime, drama",3.5286144127421335
"action, crime, drama, fantasy, romance",2.923076923076923
"action, crime, drama, film-noir",3.3421052631578947
"action, crime, drama, film-noir, mystery, romance, thriller",2.5
"action, crime, drama, film-noir, thriller",3.2873563218390807
"action, crime, drama, horror",2.9545454545454546
"action, crime, drama, horror, thriller",3.5802192326856006
"action, crime, drama, imax",4.147028846381758
"action, crime, drama, musical",2.0
"action, crime, drama, mystery",3.4423076923076925
"action, crime, drama, mystery, romance, thriller",2.1666666666666665
"action, crime, drama, mystery, sci-fi, thriller",3.417996761508212
"action, crime, drama, mystery, sci-fi, thriller, imax",4.155508420105412
"action, crime, drama, mystery, thriller",3.566160781884507
"action, crime, drama, romance",3.1026785714285716
"action, crime, drama, romance, thriller",3.2159685863874348
"action, crime, drama, romance, western",3.1923076923076925
"action, crime, drama, sci-fi",3.047872340425532
"action, crime, drama, sci-fi, thriller",3.0888340068851967
"action, crime, drama, thriller",3.7479199347913013
"action, crime, drama, thriller, imax",3.4570254110612857
"action, crime, drama, thriller, war",3.7655352480417754
"action, crime, drama, thriller, western",3.1517857142857144
"action, crime, drama, war",3.529499122451735
"action, crime, drama, western",3.730209895052474
"action, crime, fantasy",2.232025164769323
"action, crime, fantasy, romance",2.0
"action, crime, fantasy, sci-fi, thriller",3.0701876302988187
"action, crime, fantasy, thriller",3.5175644028103044
"action, crime, film-noir",3.093655589123867
"action, crime, film-noir, mystery, thriller",3.780095191055633
"action, crime, horror",3.026488785769528
"action, crime, horror, mystery, thriller",3.082923832923833
"action, crime, horror, sci-fi",2.8
"action, crime, horror, sci-fi, thriller",3.6753332081847194
"action, crime, horror, thriller",3.135725429017161
"action, crime, imax",3.9299634988919308
"action, crime, musical",3.3515625
"action, crime, musical, romance",3.25
"action, crime, mystery",3.792972972972973
"action, crime, mystery, romance, sci-fi, thriller",2.9166666666666665
"action, crime, mystery, romance, thriller",3.559409594095941
"action, crime, mystery, sci-fi, thriller",3.5934782608695652
"action, crime, mystery, thriller",3.4899609165453294
"action, crime, romance",2.875
"action, crime, romance, thriller",3.5486233363847615
"action, crime, sci-fi",3.0034934051327493
"action, crime, sci-fi, imax",2.897867564534231
"action, crime, sci-fi, thriller",2.502869166029074
"action, crime, thriller",3.522500592120845
"action, crime, thriller, imax",3.1231060606060606
"action, crime, thriller, war",2.6507936507936507
"action, crime, thriller, western",3.6162405303030303
"action, crime, western",2.7966101694915255
"action, documentary",3.046875
"action, documentary, drama",3.641566265060241
"action, documentary, drama, romance, war",3.2142857142857144
"action, documentary, sci-fi",1.5
"action, drama",3.225859700562167
"action, drama, fantasy",3.0210241465445464
"action, drama, fantasy, horror",3.5
"action, drama, fantasy, horror, mystery, sci-fi, thriller",2.4515625
"action, drama, fantasy, horror, sci-fi, thriller",3.0714285714285716
"action, drama, fantasy, horror, thriller, war",2.8181818181818183
"action, drama, fantasy, mystery",4.0
"action, drama, fantasy, romance",3.3653846153846154
"action, drama, fantasy, sci-fi",3.0498154981549814
"action, drama, fantasy, sci-fi, thriller",1.8
"action, drama, fantasy, thriller",2.0
"action, drama, fantasy, war",3.0526315789473686
"action, drama, horror",3.7769620928990926
"action, drama, horror, imax",3.2801920572916665
"action, drama, horror, mystery",2.411764705882353
"action, drama, horror, mystery, thriller",1.0
"action, drama, horror, romance, sci-fi",2.8333333333333335
"action, drama, horror, sci-fi",2.0892857142857144
"action, drama, horror, sci-fi, thriller",3.1443298969072164
"action, drama, horror, thriller",3.6096013140212033
"action, drama, horror, war",2.25
"action, drama, imax",3.1121495327102804
"action, drama, musical",2.611111111111111
"action, drama, musical, romance",3.167910447761194
"action, drama, musical, war",3.046875
"action, drama, mystery",3.0841708542713566
"action, drama, mystery, romance, sci-fi",1.3333333333333333
"action, drama, mystery, romance, sci-fi, thriller",5.0
"action, drama, mystery, romance, thriller",4.005161023947151
"action, drama, mystery, sci-fi",2.430379746835443
"action, drama, mystery, sci-fi, thriller",3.5776353865233568
"action, drama, mystery, sci-fi, thriller, imax",3.7075786662215173
"action, drama, mystery, sci-fi, thriller, war",2.7857142857142856
"action, drama, mystery, thriller",2.8648325358851676
"action, drama, mystery, thriller, war",2.730769230769231
"action, drama, romance",3.5512214657589105
"action, drama, romance, sci-fi",3.2010862700517873
"action, drama, romance, thriller",3.0908946700507616
"action, drama, romance, thriller, war",3.5
"action, drama, romance, war",3.4255531301371707
"action, drama, romance, western",3.813899253731343
"action, drama, sci-fi",3.5132388238823884
"action, drama, sci-fi, imax",3.2736713106295148
"action, drama, sci-fi, thriller",3.276792598303778
"action, drama, thriller",3.356275721936184
"action, drama, thriller, imax",3.2100474683544302
"action, drama, thriller, war",3.660176033829965
"action, drama, thriller, western",3.875643794650274
"action, drama, war",3.877104879599336
"action, drama, war, imax",2.967005076142132
"action, drama, war, western",3.3282571912013537
"action, drama, western",3.906728277345851
"action, fantasy",2.37779433681073
"action, fantasy, horror",3.3576559374431714
"action, fantasy, horror, imax",3.149774383894481
"action, fantasy, horror, mystery",2.7222222222222223
"action, fantasy, horror, mystery, sci-fi, thriller",3.345635202271114
"action, fantasy, horror, mystery, thriller",2.653241273494438
"action, fantasy, horror, romance",3.664310954063604
"action, fantasy, horror, sci-fi",2.9833333333333334
"action, fantasy, horror, sci-fi, thriller",2.824009324009324
"action, fantasy, horror, thriller",3.2445839116528874
"action, fantasy, horror, war",2.0
"action, fantasy, mystery",4.078431372549019
"action, fantasy, mystery, sci-fi, thriller",2.9285714285714284
"action, fantasy, romance",3.1136363636363638
"action, fantasy, romance, sci-fi",3.4615384615384617
"action, fantasy, romance, thriller",2.9
"action, fantasy, sci-fi",2.841542410168663
"action, fantasy, sci-fi, imax",2.5964912280701755
"action, fantasy, sci-fi, thriller",2.437984496124031
"action, fantasy, sci-fi, thriller, war",2.0072463768115942
"action, fantasy, thriller",2.447840909090909
"action, fantasy, thriller, imax",2.9125615763546797
"action, fantasy, war, imax",3.567504928339283
"action, fantasy, western",3.134020618556701
"action, film-noir, thriller",3.3636363636363638
"action, horror",3.4907874605293143
"action, horror, musical",2.8076923076923075
"action, horror, mystery",3.1097560975609757
"action, horror, mystery, romance",2.0
"action, horror, mystery, sci-fi",2.4029126213592233
"action, horror, mystery, sci-fi, thriller",2.05
"action, horror, mystery, thriller",2.2566176470588237
"action, horror, sci-fi",3.246154377561829
"action, horror, sci-fi, imax",3.305936856554564
"action, horror, sci-fi, thriller",3.09749624201428
"action, horror, sci-fi, thriller, imax",3.444129682090022
"action, horror, sci-fi, thriller, war",3.3051181102362204
"action, horror, sci-fi, war",2.017123287671233
"action, horror, sci-fi, war, western",1.5
"action, horror, sci-fi, western",2.075
"action, horror, thriller",3.154728260869565
"action, horror, thriller, war",4.0
"action, horror, war",2.5
"action, horror, western",1.2
"action, musical, romance",2.7333333333333334
"action, musical, sci-fi",2.526315789473684
"action, mystery",3.50640204865557
"action, mystery, romance",2.7666666666666666
"action, mystery, romance, western",3.3
"action, mystery, sci-fi",3.32212271973466
"action, mystery, sci-fi, thriller",3.465572492638143
"action, mystery, thriller",3.739923413029604
"action, romance",3.406690384881948
"action, romance, sci-fi",3.0142857142857142
"action, romance, sci-fi, thriller",3.045727572175935
"action, romance, thriller",3.3055519883566626
"action, romance, war",2.9375
"action, romance, war, western",3.7136340810177435
"action, romance, western",3.436927167144756
"action, sci-fi",3.3256892487444913
"action, sci-fi, imax",3.7102684121992247
"action, sci-fi, thriller",3.6126443574794345
"action, sci-fi, thriller, imax",3.5903407722565626
"action, sci-fi, thriller, war",3.0
"action, sci-fi, thriller, western",3.400565504241282
"action, sci-fi, thriller, western, imax",2.8267987065481
"action, sci-fi, war",2.819650768829815
"action, sci-fi, western",2.0
"action, thriller",3.2738713893526943
"action, thriller, war",3.236407037397224
"action, thriller, western",3.0670305676855896
"action, war",2.973795039775386
"action, war, western",3.3545454545454545
"action, western",3.8439693245232633
adventure,3.093948412698413
"adventure, animation",3.253888888888889
"adventure, animation, children",3.3976330408179694
"adventure, animation, children, comedy",3.546497408971969
"adventure, animation, children, comedy, crime",3.871353654539495
"adventure, animation, children, comedy, crime, fantasy, mystery",3.5416914014338556
"adventure, animation, children, comedy, drama",3.15
"adventure, animation, children, comedy, drama, fantasy",3.9305034913634693
"adventure, animation, children, comedy, drama, fantasy, musical, romance",3.3666666666666667
"adventure, animation, children, comedy, drama, musical, romance",3.731475645989016
"adventure, animation, children, comedy, fantasy",3.737641958281917
"adventure, animation, children, comedy, fantasy, imax",3.7127813877929916
"adventure, animation, children, comedy, fantasy, musical",3.2717391304347827
"adventure, animation, children, comedy, fantasy, musical, romance",3.480694480435346
"adventure, animation, children, comedy, fantasy, romance",3.738700663639539
"adventure, animation, children, comedy, fantasy, sci-fi",2.8112391930835736
"adventure, animation, children, comedy, fantasy, sci-fi, imax",3.168539325842697
"adventure, animation, children, comedy, fantasy, war",2.709537572254335
"adventure, animation, children, comedy, imax",2.9706827924066137
"adventure, animation, children, comedy, musical",3.646263150703648
"adventure, animation, children, comedy, musical, romance",3.475467868105753
"adventure, animation, children, comedy, mystery",3.0625
"adventure, animation, children, comedy, romance",2.5734265734265733
"adventure, animation, children, comedy, sci-fi",3.955567515847387
"adventure, animation, children, crime, drama",3.461550785004806
"adventure, animation, children, drama",3.840085055340494
"adventure, animation, children, drama, fantasy",3.8499872220802454
"adventure, animation, children, drama, musical",3.47083512699096
"adventure, animation, children, drama, musical, imax",3.817136507193824
"adventure, animation, children, drama, sci-fi",3.8665144596651446
"adventure, animation, children, fantasy",3.3822770736046253
"adventure, animation, children, fantasy, imax",3.7268761360685536
"adventure, animation, children, fantasy, musical",3.434546193718874
"adventure, animation, children, fantasy, musical, romance",2.723913043478261
"adventure, animation, children, fantasy, musical, sci-fi",1.4444444444444444
"adventure, animation, children, fantasy, mystery",3.272727272727273
"adventure, animation, children, fantasy, mystery, sci-fi",3.2196969696969697
"adventure, animation, children, fantasy, sci-fi",2.2099329677026205
"adventure, animation, children, imax",1.9305555555555556
"adventure, animation, children, musical",3.235513608428446
"adventure, animation, children, musical, western",3.030518586507572
"adventure, animation, children, mystery",3.6666666666666665
"adventure, animation, children, mystery, romance",3.0
"adventure, animation, children, romance",2.7203389830508473
"adventure, animation, children, romance, sci-fi",4.004931687002265
"adventure, animation, children, sci-fi",3.448158965265464
"adventure, animation, children, sci-fi, imax",3.463960231980116
"adventure, animation, children, western",3.159053156146179
"adventure, animation, comedy",3.649366580426443
"adventure, animation, comedy, crime",2.96199595575116
"adventure, animation, comedy, drama, fantasy",3.6666666666666665
"adventure, animation, comedy, drama, fantasy, sci-fi",2.8333333333333335
"adventure, animation, comedy, fantasy",2.9935794542536116
"adventure, animation, comedy, fantasy, imax",3.179048171793384
"adventure, animation, comedy, fantasy, musical",3.5836580613735998
"adventure, animation, comedy, fantasy, musical, romance",3.4850415512465376
"adventure, animation, comedy, fantasy, romance",3.913181019332162
"adventure, animation, comedy, fantasy, romance, sci-fi",3.8181818181818183
"adventure, animation, comedy, mystery",3.125
"adventure, animation, comedy, sci-fi",3.56993006993007
"adventure, animation, crime",3.3
"adventure, animation, crime, mystery",3.375
"adventure, animation, drama",3.9653194975423265
"adventure, animation, drama, fantasy",3.75
"adventure, animation, drama, fantasy, musical, romance",3.153225806451613
"adventure, animation, drama, fantasy, romance",3.5
"adventure, animation, drama, fantasy, sci-fi",4.078572732250411
"adventure, animation, drama, horror",3.8216911764705883
"adventure, animation, drama, mystery, sci-fi",3.6823899371069184
"adventure, animation, drama, romance, war",3.0
"adventure, animation, drama, sci-fi",2.642857142857143
"adventure, animation, drama, sci-fi, war",3.6779661016949152
"adventure, animation, fantasy",4.153862091828278
"adventure, animation, fantasy, horror, sci-fi",3.693548387096774
"adventure, animation, fantasy, imax",3.2193486590038316
"adventure, animation, fantasy, musical, sci-fi",3.758575197889182
"adventure, animation, fantasy, romance",4.090634441087613
"adventure, animation, fantasy, sci-fi",3.091719298245614
"adventure, animation, horror, sci-fi, thriller",3.276315789473684
"adventure, animation, mystery",3.8125
"adventure, animation, romance",3.5075934579439254
"adventure, animation, romance, sci-fi",3.125
"adventure, animation, sci-fi",3.444914019236374
"adventure, animation, war",3.875
"adventure, children",3.0166694729752486
"adventure, children, comedy",2.8490627724498694
"adventure, children, comedy, crime",2.9565217391304346
"adventure, children, comedy, drama",3.1031684698608966
"adventure, children, comedy, drama, fantasy",3.325925925925926
"adventure, children, comedy, drama, fantasy, sci-fi",3.0742574257425743
"adventure, children, comedy, fantasy",3.0411389297987235
"adventure, children, comedy, fantasy, horror",2.460526315789474
"adventure, children, comedy, fantasy, imax",3.1757178277213467
"adventure, children, comedy, fantasy, musical",3.1085427135678394
"adventure, children, comedy, fantasy, mystery",2.3504328310355884
"adventure, children, comedy, fantasy, romance",2.632252027448534
"adventure, children, comedy, fantasy, romance, sci-fi",2.5
"adventure, children, comedy, fantasy, sci-fi",2.718600608431117
"adventure, children, comedy, horror",1.7
"adventure, children, comedy, imax",3.0625
"adventure, children, comedy, musical",3.455994175699725
"adventure, children, comedy, musical, sci-fi",2.5849056603773586
"adventure, children, comedy, mystery",3.495019920318725
"adventure, children, comedy, romance, sci-fi",2.4711538461538463
"adventure, children, comedy, sci-fi",2.291828793774319
"adventure, children, crime, drama",3.5
"adventure, children, documentary",3.4913793103448274
"adventure, children, documentary, drama",3.25
"adventure, children, drama",2.850319045387361
"adventure, children, drama, fantasy",3.63339222614841
"adventure, children, drama, fantasy, imax",3.2888409371146734
"adventure, children, drama, fantasy, mystery",3.0526315789473686
"adventure, children, drama, fantasy, romance",3.3513513513513513
"adventure, children, drama, romance",3.3922872340425534
"adventure, children, drama, sci-fi",3.488372093023256
"adventure, children, drama, war",4.0
"adventure, children, drama, western",2.0
"adventure, children, fantasy",3.343569158237448
"adventure, children, fantasy, musical",3.925282067696247
"adventure, children, fantasy, musical, romance",3.4892857142857143
"adventure, children, fantasy, romance",3.5789473684210527
"adventure, children, fantasy, sci-fi",2.424550898203593
"adventure, children, fantasy, sci-fi, thriller",2.7835276967930027
"adventure, children, fantasy, western",3.0514018691588785
"adventure, children, musical",3.2476268412438625
"adventure, children, mystery",2.675
"adventure, children, romance",3.375320056899004
"adventure, children, romance, sci-fi",1.5
"adventure, children, sci-fi",3.377381938690969
"adventure, children, sci-fi, thriller",2.3552631578947367
"adventure, children, war",3.2045454545454546
"adventure, children, western",3.75
"adventure, comedy",3.1244454887218045
"adventure, comedy, crime",3.724068629275373
"adventure, comedy, crime, drama",3.39010989010989
"adventure, comedy, crime, drama, fantasy, mystery, sci-fi, thriller",3.090909090909091
"adventure, comedy, crime, drama, mystery",2.5
"adventure, comedy, crime, drama, mystery, thriller",3.3152173913043477
"adventure, comedy, crime, drama, romance",3.4921259842519685
"adventure, comedy, crime, drama, romance, thriller",3.0
"adventure, comedy, crime, fantasy",3.4453551912568305
"adventure, comedy, crime, mystery",2.5657276995305165
"adventure, comedy, crime, romance",3.7259651076466223
"adventure, comedy, crime, sci-fi",1.5
"adventure, comedy, crime, thriller",3.2315978456014363
"adventure, comedy, documentary",3.0722222222222224
"adventure, comedy, documentary, fantasy",2.9
"adventure, comedy, documentary, mystery",3.8201219512195124
"adventure, comedy, drama",3.754920576112629
"adventure, comedy, drama, fantasy",2.5708955223880596
"adventure, comedy, drama, fantasy, mystery, sci-fi, thriller",3.9301397205588824
"adventure, comedy, drama, fantasy, romance",2.9085053987497633
"adventure, comedy, drama, romance",3.3252100840336136
"adventure, comedy, drama, thriller",2.75
"adventure, comedy, drama, war",3.3294117647058825
"adventure, comedy, fantasy",3.7804967310531343
"adventure, comedy, fantasy, horror",2.308333333333333
"adventure, comedy, fantasy, musical",3.8773388773388775
"adventure, comedy, fantasy, musical, romance",3.3
"adventure, comedy, fantasy, romance",3.8096803107260233
"adventure, comedy, fantasy, romance, imax",3.6435643564356437
"adventure, comedy, fantasy, sci-fi",3.4034295273943957
"adventure, comedy, horror",3.086429112964367
"adventure, comedy, horror, romance",3.2467532467532467
"adventure, comedy, horror, sci-fi",3.0
"adventure, comedy, musical",3.295501832953532
"adventure, comedy, musical, romance",3.4246575342465753
"adventure, comedy, musical, romance, sci-fi",1.675
"adventure, comedy, musical, romance, western",3.7
"adventure, comedy, musical, sci-fi",3.4296875
"adventure, comedy, mystery",2.700310559006211
"adventure, comedy, mystery, romance",2.6580459770114944
"adventure, comedy, mystery, western",3.0
"adventure, comedy, romance",3.2307949902886612
"adventure, comedy, romance, sci-fi",2.8333333333333335
"adventure, comedy, romance, war",4.048892565021597
"adventure, comedy, sci-fi",3.619573716261935
"adventure, comedy, sci-fi, thriller",3.372008062484253
"adventure, comedy, sci-fi, thriller, war",2.5384615384615383
"adventure, comedy, sci-fi, western",3.337202394552849
"adventure, comedy, thriller",3.3045584045584047
"adventure, comedy, war",3.64237668161435
"adventure, comedy, western",3.1177531832217324
"adventure, crime",2.4
"adventure, crime, documentary",3.4285714285714284
"adventure, crime, drama",3.598965362123257
"adventure, crime, drama, fantasy, mystery, thriller",3.125
"adventure, crime, drama, horror, mystery",3.5875706214689265
"adventure, crime, drama, horror, thriller",3.409090909090909
"adventure, crime, drama, mystery, romance",2.8333333333333335
"adventure, crime, drama, mystery, thriller",2.9375
"adventure, crime, drama, romance",1.5460829493087558
"adventure, crime, drama, romance, thriller",3.6875
"adventure, crime, drama, romance, war",3.375
"adventure, crime, drama, thriller",3.7117224880382773
"adventure, crime, drama, western",3.3225806451612905
"adventure, crime, horror",1.9230769230769231
"adventure, crime, horror, thriller",3.245
"adventure, crime, mystery",2.25
"adventure, crime, mystery, romance",3.3333333333333335
"adventure, crime, mystery, romance, thriller",2.5
"adventure, crime, thriller",3.034090909090909
"adventure, crime, thriller, western",3.0
"adventure, documentary",3.87292654028436
"adventure, documentary, drama",3.555084745762712
"adventure, documentary, drama, mystery, thriller",3.6666666666666665
"adventure, documentary, drama, thriller",3.7419354838709675
"adventure, documentary, drama, war",3.0
"adventure, documentary, imax",2.452991452991453
"adventure, documentary, sci-fi",3.1666666666666665
"adventure, documentary, western",3.239130434782609
"adventure, drama",3.7125160910261163
"adventure, drama, fantasy",3.4499731903485253
"adventure, drama, fantasy, film-noir",3.323529411764706
"adventure, drama, fantasy, horror",3.5
"adventure, drama, fantasy, horror, thriller",5.0
"adventure, drama, fantasy, imax",3.768890283005716
"adventure, drama, fantasy, musical, romance",2.75
"adventure, drama, fantasy, mystery",3.3333333333333335
"adventure, drama, fantasy, mystery, sci-fi",3.936724864539434
"adventure, drama, fantasy, romance",3.016779606324621
"adventure, drama, fantasy, romance, imax",2.5242192479286167
"adventure, drama, fantasy, romance, thriller",3.257575757575758
"adventure, drama, fantasy, thriller",2.5555555555555554
"adventure, drama, film-noir, thriller",3.28
"adventure, drama, horror",2.5865384615384617
"adventure, drama, horror, mystery",3.076452599388379
"adventure, drama, horror, mystery, thriller",2.785809906291834
"adventure, drama, horror, sci-fi",2.5
"adventure, drama, horror, sci-fi, thriller",1.9076086956521738
"adventure, drama, horror, thriller",3.4943657437218287
"adventure, drama, imax",3.81987324894807
"adventure, drama, mystery",3.6598837209302326
"adventure, drama, mystery, sci-fi, thriller",3.383783783783784
"adventure, drama, mystery, thriller",3.8507371007371005
"adventure, drama, romance",3.1746968313991393
"adventure, drama, romance, sci-fi",3.4702181208053693
"adventure, drama, romance, thriller",3.3142857142857145
"adventure, drama, romance, thriller, war",4.010880316518299
"adventure, drama, romance, war",3.603567318757192
"adventure, drama, romance, war, western",5.0
"adventure, drama, romance, western",3.1372549019607843
"adventure, drama, sci-fi",3.6819320064791197
"adventure, drama, sci-fi, thriller",3.6296137339055794
"adventure, drama, sci-fi, war",3.4375
"adventure, drama, thriller",3.61415392555319
"adventure, drama, thriller, imax",3.7938448566610457
"adventure, drama, thriller, war",3.3582089552238807
"adventure, drama, war",3.8879899617590823
"adventure, drama, war, western",3.1790930053804765
"adventure, drama, western",3.711060797762536
"adventure, fantasy",3.9174163625600893
"adventure, fantasy, film-noir, mystery, sci-fi",3.1931818181818183
"adventure, fantasy, horror",2.1607142857142856
"adventure, fantasy, horror, romance, sci-fi, thriller",2.875
"adventure, fantasy, horror, sci-fi",2.8
"adventure, fantasy, imax",3.6357877024753176
"adventure, fantasy, musical",3.642556818181818
"adventure, fantasy, musical, romance",3.524793388429752
"adventure, fantasy, mystery",3.507042253521127
"adventure, fantasy, mystery, romance, imax",3.834885361552028
"adventure, fantasy, mystery, thriller",3.0303030303030303
"adventure, fantasy, romance",3.429559922502076
"adventure, fantasy, romance, sci-fi",2.46
"adventure, fantasy, romance, sci-fi, thriller",2.7749719416386083
"adventure, fantasy, sci-fi",3.375
"adventure, fantasy, sci-fi, western",5.0
"adventure, fantasy, thriller, imax",3.7678798811544993
"adventure, film-noir, sci-fi, thriller",3.805669679539852
"adventure, horror",2.3461538461538463
"adventure, horror, mystery",2.41025641025641
"adventure, horror, mystery, thriller",2.9420289855072466
"adventure, horror, romance, sci-fi",3.3225806451612905
"adventure, horror, sci-fi",3.1958158995815897
"adventure, horror, sci-fi, thriller",2.875
"adventure, horror, thriller",2.7042682926829267
"adventure, musical",2.341246290801187
"adventure, musical, romance",3.857142857142857
"adventure, musical, romance, sci-fi",2.790909090909091
"adventure, mystery",2.95
"adventure, mystery, romance",4.0
"adventure, mystery, romance, thriller",3.0
"adventure, mystery, sci-fi",2.525
"adventure, mystery, sci-fi, thriller",3.5575221238938055
"adventure, mystery, thriller",3.258974358974359
"adventure, mystery, western",3.0434782608695654
"adventure, romance",2.7847222222222223
"adventure, romance, imax",3.023076923076923
"adventure, romance, sci-fi",3.6315789473684212
"adventure, romance, sci-fi, imax",3.24980959634425
"adventure, romance, thriller",2.5321245565628696
"adventure, romance, war",3.3190476190476192
"adventure, romance, war, western",3.3324324324324324
"adventure, romance, western",3.2142857142857144
"adventure, sci-fi",3.1820498110151187
"adventure, sci-fi, thriller",3.21554950663491
"adventure, thriller",3.183364254792826
"adventure, thriller, war",2.8
"adventure, thriller, western",3.1640625
"adventure, war",3.2091055600322322
"adventure, war, western",3.3145363408521304
"adventure, western",3.813416590284143
animation,3.4898450946643718
"animation, children",3.227554406884196
"animation, children, comedy",3.4367664180748294
"animation, children, comedy, crime",3.959407965986122
"animation, children, comedy, drama",3.4936936936936935
"animation, children, comedy, drama, fantasy",3.0442727957799547
"animation, children, comedy, drama, fantasy, musical",3.2083333333333335
"animation, children, comedy, drama, fantasy, romance, sci-fi",3.875
"animation, children, comedy, drama, romance",3.923785594639866
"animation, children, comedy, fantasy",3.6625814458578962
"animation, children, comedy, fantasy, horror",2.3076923076923075
"animation, children, comedy, fantasy, musical",2.9545454545454546
"animation, children, comedy, fantasy, musical, romance, imax",3.7333333333333334
"animation, children, comedy, fantasy, mystery, romance",2.659090909090909
"animation, children, comedy, fantasy, sci-fi",2.642857142857143
"animation, children, comedy, horror",3.109375
"animation, children, comedy, imax",3.5112886048988283
"animation, children, comedy, musical",3.525020207215813
"animation, children, comedy, musical, romance",3.5317596566523606
"animation, children, comedy, musical, sci-fi",2.789473684210526
"animation, children, comedy, musical, western",2.665525114155251
"animation, children, comedy, mystery",3.265853658536585
"animation, children, comedy, mystery, western",2.8333333333333335
"animation, children, comedy, romance",3.4633364212926674
"animation, children, comedy, sci-fi",3.2023809523809526
"animation, children, comedy, thriller",3.0303030303030303
"animation, children, comedy, western",3.375
"animation, children, drama",3.6804991566189793
"animation, children, drama, fantasy",4.148
"animation, children, drama, fantasy, imax",3.2054655870445345
"animation, children, drama, fantasy, musical",3.5823021181716834
"animation, children, drama, musical",3.4733164612676055
"animation, children, drama, musical, romance",3.104549032605543
"animation, children, drama, sci-fi",2.25
"animation, children, fantasy",3.5371198568872986
"animation, children, fantasy, imax",3.342877094972067
"animation, children, fantasy, musical",3.6400155425850294
"animation, children, fantasy, musical, romance",3.5387833654087526
"animation, children, fantasy, musical, romance, imax",3.6809198555552447
"animation, children, fantasy, mystery",3.2470744680851062
"animation, children, fantasy, romance",3.1052631578947367
"animation, children, fantasy, sci-fi",2.5166666666666666
"animation, children, fantasy, thriller",2.5
"animation, children, fantasy, war",2.822786425108446
"animation, children, musical",3.5315636850323444
"animation, children, musical, imax",3.523103112840467
"animation, children, musical, romance",2.75
"animation, children, mystery",3.401639344262295
"animation, children, romance",2.9651162790697674
"animation, children, sci-fi",2.5483870967741935
"animation, children, thriller",3.1944444444444446
"animation, comedy",3.4532072125332545
"animation, comedy, crime",2.25
"animation, comedy, documentary",2.8
"animation, comedy, drama",3.7509578544061304
"animation, comedy, drama, fantasy",3.5201793721973096
"animation, comedy, drama, fantasy, romance",2.5
"animation, comedy, drama, fantasy, sci-fi",3.8525641025641026
"animation, comedy, drama, musical",3.1690140845070425
"animation, comedy, drama, romance",3.4239130434782608
"animation, comedy, drama, romance, sci-fi",3.935126582278481
"animation, comedy, fantasy",3.393181818181818
"animation, comedy, fantasy, musical",3.7612612612612613
"animation, comedy, fantasy, musical, romance",3.5525933746865515
"animation, comedy, fantasy, romance",4.5
"animation, comedy, fantasy, sci-fi",3.425925925925926
"animation, comedy, horror",2.8333333333333335
"animation, comedy, horror, imax",3.2792134831460675
"animation, comedy, horror, musical",3.5546218487394956
"animation, comedy, horror, sci-fi",3.1176470588235294
"animation, comedy, musical",3.5679040752671676
"animation, comedy, musical, romance",2.638888888888889
"animation, comedy, mystery",3.5344827586206895
"animation, comedy, romance",4.0966228893058165
"animation, comedy, romance, sci-fi",2.5
"animation, comedy, sci-fi",3.1821656050955416
"animation, comedy, sci-fi, war",3.0
"animation, comedy, thriller",3.076923076923077
"animation, comedy, war",3.112941176470588
"animation, comedy, western",3.375
"animation, crime, documentary",3.75
"animation, crime, documentary, drama",3.3333333333333335
"animation, crime, drama",3.660206718346253
"animation, crime, drama, fantasy, thriller",3.6470588235294117
"animation, crime, drama, horror, mystery",3.8980891719745223
"animation, crime, fantasy, mystery, sci-fi",3.25
"animation, crime, mystery",3.3282828282828283
"animation, crime, mystery, sci-fi, thriller",3.519230769230769
"animation, crime, mystery, thriller",4.625
"animation, crime, sci-fi",2.35
"animation, crime, thriller",3.3
"animation, crime, war",3.25
"animation, documentary",3.5840130505709626
"animation, documentary, drama",3.0
"animation, documentary, drama, fantasy",3.6551724137931036
"animation, documentary, drama, war",3.887579617834395
"animation, documentary, sci-fi",3.0
"animation, documentary, war",2.7857142857142856
"animation, drama",3.8515434985968193
"animation, drama, fantasy",3.842723956222132
"animation, drama, fantasy, mystery",3.6666666666666665
"animation, drama, fantasy, romance",4.091666666666667
"animation, drama, fantasy, sci-fi",2.7142857142857144
"animation, drama, horror",3.284090909090909
"animation, drama, horror, thriller",2.85
"animation, drama, musical",2.0555555555555554
"animation, drama, mystery",3.3214285714285716
"animation, drama, mystery, sci-fi, thriller",3.6166522116218562
"animation, drama, mystery, thriller",3.5
"animation, drama, romance",3.8955425952926475
"animation, drama, romance, sci-fi",3.2134146341463414
"animation, drama, romance, sci-fi, war",3.513333333333333
"animation, drama, sci-fi",3.557471264367816
"animation, drama, sci-fi, imax",3.8423076923076924
"animation, drama, sci-fi, war",3.5475352112676055
"animation, drama, thriller",2.6363636363636362
"animation, drama, war",4.077983458054352
"animation, drama, western",3.6607142857142856
"animation, fantasy",3.6710316192909613
"animation, fantasy, horror",3.463793103448276
"animation, fantasy, horror, mystery",3.3666666666666667
"animation, fantasy, horror, sci-fi",3.655894673847995
"animation, fantasy, horror, thriller",3.0
"animation, fantasy, musical",2.875
"animation, fantasy, musical, imax",3.1395131086142323
"animation, fantasy, musical, sci-fi",3.1145833333333335
"animation, fantasy, mystery",3.6515151515151514
"animation, fantasy, mystery, thriller",3.875
"animation, fantasy, romance",2.75
"animation, fantasy, sci-fi",3.1534653465346536
"animation, fantasy, sci-fi, war",3.2448979591836733
"animation, fantasy, thriller",3.7156033287101247
"animation, horror",3.2640845070422535
"animation, horror, imax",2.8055555555555554
"animation, horror, mystery",3.0344827586206895
"animation, horror, mystery, sci-fi",3.1666666666666665
"animation, horror, mystery, thriller",3.903019744483159
"animation, horror, sci-fi",1.5625
"animation, musical",3.4303212851405624
"animation, musical, romance",3.4594594594594597
"animation, mystery",3.3088235294117645
"animation, mystery, sci-fi",3.90388426476417
"animation, mystery, thriller",3.409090909090909
"animation, romance",3.774873524451939
"animation, romance, sci-fi",3.5234375
"animation, sci-fi",3.828748925529421
"animation, sci-fi, imax",3.1115431846090873
"animation, sci-fi, thriller",3.6904761904761907
"animation, thriller",3.4791666666666665
"animation, war",3.566666666666667
"animation, western",3.9166666666666665
children,2.7740026304252523
"children, comedy",2.8893048364321015
"children, comedy, crime",1.9786967418546366
"children, comedy, crime, drama",3.5
"children, comedy, crime, drama, fantasy",3.5755813953488373
"children, comedy, crime, fantasy",2.0
"children, comedy, crime, musical",3.2629032258064514
"children, comedy, crime, mystery",2.53125
"children, comedy, documentary",5.0
"children, comedy, drama",3.2852936952463017
"children, comedy, drama, fantasy",3.1411516853932584
"children, comedy, drama, fantasy, romance, sci-fi",3.5
"children, comedy, drama, fantasy, sci-fi",2.9444444444444446
"children, comedy, drama, musical",2.8950617283950617
"children, comedy, drama, musical, romance",2.589041095890411
"children, comedy, drama, mystery",3.311023622047244
"children, comedy, drama, romance",3.24
"children, comedy, drama, sci-fi",2.642857142857143
"children, comedy, drama, thriller",2.5555555555555554
"children, comedy, drama, western",2.5
"children, comedy, fantasy",2.962952144491505
"children, comedy, fantasy, horror",2.9037425955842755
"children, comedy, fantasy, musical",3.699110097486808
"children, comedy, fantasy, musical, romance",3.2916666666666665
"children, comedy, fantasy, mystery",2.75
"children, comedy, fantasy, mystery, sci-fi",2.8333333333333335
"children, comedy, fantasy, romance",2.7385077793493635
"children, comedy, fantasy, sci-fi",3.227972399150743
"children, comedy, horror",2.8552631578947367
"children, comedy, horror, thriller",2.6666666666666665
"children, comedy, musical",3.502115752115752
"children, comedy, musical, romance",3.6699702675916748
"children, comedy, mystery",2.8850156087408947
"children, comedy, romance",3.1024143302180685
"children, comedy, romance, sci-fi",2.7239583333333335
"children, comedy, sci-fi",2.315327713745054
"children, comedy, thriller",1.75
"children, comedy, western",2.8559935639581657
"children, crime, documentary",3.5625
"children, crime, drama",3.2063492063492065
"children, crime, drama, thriller",4.0
"children, documentary",3.808130081300813
"children, documentary, drama",3.5416666666666665
"children, documentary, drama, romance",3.3
"children, documentary, fantasy, sci-fi",3.5
"children, documentary, imax",3.5
"children, drama",3.5687278101176854
"children, drama, fantasy",3.589800099329526
"children, drama, fantasy, horror, mystery, thriller",3.6363636363636362
"children, drama, fantasy, musical",4.0
"children, drama, fantasy, musical, romance",3.6184210526315788
"children, drama, fantasy, mystery",3.849933774834437
"children, drama, fantasy, mystery, thriller",3.4052388289676427
"children, drama, fantasy, romance",3.9828186951820257
"children, drama, fantasy, romance, sci-fi",3.5
"children, drama, fantasy, sci-fi",2.856164383561644
"children, drama, horror",2.6153846153846154
"children, drama, musical",3.4757505773672057
"children, drama, mystery",3.531841856060606
"children, drama, mystery, thriller",2.8333333333333335
"children, drama, romance",3.2807881773399017
"children, drama, romance, western",4.285714285714286
"children, drama, sci-fi",3.732027556785426
"children, drama, sci-fi, thriller",2.0
"children, drama, thriller",3.782051282051282
"children, drama, war",3.743207712532866
"children, drama, western",3.0
"children, fantasy",3.28275181040158
"children, fantasy, horror",2.7
"children, fantasy, horror, mystery, sci-fi, thriller",3.02258064516129
"children, fantasy, horror, romance",3.2
"children, fantasy, horror, sci-fi",2.909090909090909
"children, fantasy, horror, thriller",2.5
"children, fantasy, musical",3.1556156968876863
"children, fantasy, musical, romance",3.16120218579235
"children, fantasy, mystery",3.9375
"children, fantasy, romance",3.227272727272727
"children, fantasy, sci-fi",2.202970297029703
"children, horror",2.875
"children, horror, mystery",3.25
"children, horror, mystery, thriller",3.1951754385964914
"children, horror, sci-fi",1.7916666666666667
"children, horror, sci-fi, thriller",2.6666666666666665
"children, musical",3.22007874015748
"children, musical, romance",3.3181818181818183
"children, musical, sci-fi",3.0757575757575757
"children, mystery",3.3823529411764706
"children, mystery, sci-fi",2.391304347826087
"children, mystery, thriller",3.25
"children, romance",3.326219512195122
"children, sci-fi",2.8505170792854906
"children, thriller",2.6666666666666665
"children, war",3.8333333333333335
"children, western",3.073529411764706
comedy,3.2490820939232434
"comedy, crime",3.464999826598282
"comedy, crime, documentary",3.0
"comedy, crime, drama",3.763702977449817
"comedy, crime, drama, fantasy",4.022075055187638
"comedy, crime, drama, fantasy, horror",1.4444444444444444
"comedy, crime, drama, fantasy, mystery, thriller",5.0
"comedy, crime, drama, film-noir, musical",3.7628205128205128
"comedy, crime, drama, film-noir, thriller",3.272727272727273
"comedy, crime, drama, horror",3.3854166666666665
"comedy, crime, drama, horror, mystery",3.619047619047619
"comedy, crime, drama, horror, mystery, romance, thriller",2.8421052631578947
"comedy, crime, drama, horror, mystery, thriller",2.7777777777777777
"comedy, crime, drama, horror, thriller",2.75
"comedy, crime, drama, musical",3.525830078125
"comedy, crime, drama, musical, mystery, romance",3.7768361581920904
"comedy, crime, drama, musical, romance",3.625
"comedy, crime, drama, mystery",3.7907627711686493
"comedy, crime, drama, mystery, romance",3.6749237804878048
"comedy, crime, drama, mystery, thriller",3.51106833493744
"comedy, crime, drama, romance",3.520571306757621
"comedy, crime, drama, romance, thriller",3.4918759844151537
"comedy, crime, drama, romance, western",2.5
"comedy, crime, drama, sci-fi, thriller",2.739130434782609
"comedy, crime, drama, thriller",4.101777922988435
"comedy, crime, drama, war",3.482443820224719
"comedy, crime, drama, western",3.122340425531915
"comedy, crime, fantasy",2.832317073170732
"comedy, crime, film-noir",3.6923076923076925
"comedy, crime, film-noir, mystery, romance, thriller",3.25
"comedy, crime, horror",3.0605409278165863
"comedy, crime, horror, mystery, thriller",2.0869565217391304
"comedy, crime, horror, sci-fi, thriller",2.0
"comedy, crime, horror, thriller",3.0202020202020203
"comedy, crime, musical",2.831841909023117
"comedy, crime, musical, mystery",3.435300794551646
"comedy, crime, mystery",3.5182267168391346
"comedy, crime, mystery, romance",3.4318407960199004
"comedy, crime, mystery, romance, thriller",4.046285446449496
"comedy, crime, mystery, thriller",3.648181628537654
"comedy, crime, romance",3.5027970411465557
"comedy, crime, romance, thriller",3.1308500477554917
"comedy, crime, romance, western",4.0
"comedy, crime, sci-fi",3.566666666666667
"comedy, crime, thriller",3.8203786914977127
"comedy, crime, western",2.823529411764706
"comedy, documentary",3.5788158763080986
"comedy, documentary, drama",3.4699753338436676
"comedy, documentary, drama, mystery",3.3333333333333335
"comedy, documentary, drama, romance",3.0778443113772456
"comedy, documentary, horror",4.0
"comedy, documentary, musical",3.6095100864553316
"comedy, documentary, romance",2.839160839160839
"comedy, drama",3.56805492409541
"comedy, drama, fantasy",3.634139540812262
"comedy, drama, fantasy, horror",3.404494382022472
"comedy, drama, fantasy, horror, thriller",2.9875
"comedy, drama, fantasy, musical",3.6592592592592594
"comedy, drama, fantasy, musical, romance",3.2482517482517483
"comedy, drama, fantasy, mystery",3.8996101364522415
"comedy, drama, fantasy, mystery, romance",3.7091121495327104
"comedy, drama, fantasy, mystery, sci-fi, thriller",2.6346153846153846
"comedy, drama, fantasy, romance",3.5100832682799896
"comedy, drama, fantasy, romance, sci-fi",2.3333333333333335
"comedy, drama, fantasy, romance, thriller",3.4341620787600378
"comedy, drama, fantasy, sci-fi",2.8050314465408803
"comedy, drama, fantasy, thriller",2.3
"comedy, drama, fantasy, war",4.0
"comedy, drama, film-noir",4.007962359753891
"comedy, drama, film-noir, romance",3.625
"comedy, drama, horror",3.197118533071382
"comedy, drama, horror, mystery",3.7142857142857144
"comedy, drama, horror, romance",2.3125
"comedy, drama, horror, romance, thriller",2.739130434782609
"comedy, drama, horror, sci-fi",2.815068493150685
"comedy, drama, horror, sci-fi, thriller",3.5024316109422493
"comedy, drama, horror, thriller",3.6176470588235294
"comedy, drama, musical",3.477683714872514
"comedy, drama, musical, imax",2.8823529411764706
"comedy, drama, musical, mystery",3.043181818181818
"comedy, drama, musical, romance",3.6247094760608274
"comedy, drama, musical, romance, war",3.8843283582089554
"comedy, drama, musical, sci-fi",3.9489819527996297
"comedy, drama, mystery",3.576192886976332
"comedy, drama, mystery, romance",3.6539906103286386
"comedy, drama, mystery, romance, thriller",3.0217391304347827
"comedy, drama, mystery, sci-fi",3.2265625
"comedy, drama, mystery, sci-fi, thriller",3.5195195195195197
"comedy, drama, mystery, thriller",3.265228426395939
"comedy, drama, romance",3.5885250688420425
"comedy, drama, romance, sci-fi",3.5006887052341598
"comedy, drama, romance, thriller",3.2986242884250476
"comedy, drama, romance, war",4.068511155498606
"comedy, drama, romance, western",3.6131498470948014
"comedy, drama, sci-fi",3.8372263379035827
"comedy, drama, sci-fi, thriller",2.7345041322314048
"comedy, drama, sci-fi, war",3.673076923076923
"comedy, drama, thriller",3.576320556126695
"comedy, drama, war",3.8047297807536435
"comedy, drama, war, western",2.0
"comedy, drama, western",3.6092774308652986
"comedy, fantasy",3.3760268958598814
"comedy, fantasy, horror",3.275011386063458
"comedy, fantasy, horror, musical, thriller",3.341494845360825
"comedy, fantasy, horror, mystery",3.0416666666666665
"comedy, fantasy, horror, romance",2.8333333333333335
"comedy, fantasy, horror, romance, sci-fi",4.25
"comedy, fantasy, horror, sci-fi",2.0625
"comedy, fantasy, horror, sci-fi, thriller",1.5
"comedy, fantasy, horror, thriller",3.042335473515249
"comedy, fantasy, musical",2.70707343412527
"comedy, fantasy, musical, romance",3.6659192825112106
"comedy, fantasy, mystery",3.2899253731343285
"comedy, fantasy, mystery, romance",3.316666666666667
"comedy, fantasy, mystery, sci-fi",3.236111111111111
"comedy, fantasy, mystery, sci-fi, thriller",2.6666666666666665
"comedy, fantasy, romance",3.5228669527896996
"comedy, fantasy, romance, sci-fi",2.8116700515544446
"comedy, fantasy, romance, thriller",4.0
"comedy, fantasy, sci-fi",3.185157421289355
"comedy, fantasy, thriller",2.711651628089447
"comedy, film-noir, thriller",1.7205882352941178
"comedy, horror",3.0819952752708413
"comedy, horror, imax",2.890715109573241
"comedy, horror, musical",3.3028297581013235
"comedy, horror, musical, mystery, romance",3.142857142857143
"comedy, horror, musical, sci-fi",3.3471446653264834
"comedy, horror, musical, western",3.3353293413173652
"comedy, horror, mystery",2.994134897360704
"comedy, horror, mystery, romance",0.5
"comedy, horror, mystery, sci-fi",3.063775510204082
"comedy, horror, mystery, sci-fi, western",3.0
"comedy, horror, mystery, thriller",2.9745156056122934
"comedy, horror, romance",2.9429945054945055
"comedy, horror, romance, sci-fi",1.0
"comedy, horror, romance, thriller",2.683660676974509
"comedy, horror, sci-fi",3.205211726384365
"comedy, horror, sci-fi, thriller",3.445220588235294
"comedy, horror, thriller",3.305784980566352
"comedy, horror, western",3.0
"comedy, musical",3.4763669113958686
"comedy, musical, mystery, thriller",2.75
"comedy, musical, romance",3.473108658912417
"comedy, musical, romance, war",2.8636363636363638
"comedy, musical, romance, western",3.5233402489626555
"comedy, musical, sci-fi",2.782369942196532
"comedy, musical, war",4.083153541891406
"comedy, musical, western",3.2251243781094527
"comedy, mystery",3.210410469958358
"comedy, mystery, romance",3.172248803827751
"comedy, mystery, romance, thriller",3.0833333333333335
"comedy, mystery, romance, western",2.6666666666666665
"comedy, mystery, sci-fi",3.2739726027397262
"comedy, mystery, thriller",3.942831558111038
"comedy, romance",3.373526552268109
"comedy, romance, sci-fi",3.2864882090503507
"comedy, romance, sci-fi, thriller",2.9095394736842106
"comedy, romance, thriller",3.258681991069952
"comedy, romance, thriller, western",3.212121212121212
"comedy, romance, war",3.3779342723004695
"comedy, romance, western",3.587431693989071
"comedy, sci-fi",3.0654038490680406
"comedy, sci-fi, thriller",3.2911255411255413
"comedy, sci-fi, thriller, western",1.0
"comedy, sci-fi, war",3.361111111111111
"comedy, thriller",2.9065474635111426
"comedy, war",3.847914050509279
"comedy, war, western",3.5049295774647886
"comedy, western",3.4441698391256295
crime,3.294138876858669
"crime, documentary",3.7366366366366366
"crime, documentary, drama",3.478787878787879
"crime, documentary, drama, war",3.752688172043011
"crime, documentary, mystery",3.081081081081081
"crime, documentary, war",3.9360146252285193
"crime, drama",3.9919447021960437
"crime, drama, fantasy",3.1984126984126986
"crime, drama, fantasy, film-noir, mystery, romance",3.723110151187905
"crime, drama, fantasy, horror, thriller",3.1790123456790123
"crime, drama, fantasy, mystery, thriller",3.1303680981595092
"crime, drama, fantasy, romance, thriller",3.2934782608695654
"crime, drama, fantasy, thriller",3.488830486202365
"crime, drama, film-noir",3.855891267285471
"crime, drama, film-noir, mystery",3.74901832460733
"crime, drama, film-noir, mystery, romance",3.435185185185185
"crime, drama, film-noir, mystery, thriller",3.8382997370727434
"crime, drama, film-noir, romance",3.172727272727273
"crime, drama, film-noir, romance, thriller",3.7027027027027026
"crime, drama, film-noir, thriller",3.9273753251987835
"crime, drama, horror",3.6601769911504425
"crime, drama, horror, musical",2.6363636363636362
"crime, drama, horror, mystery",3.341666666666667
"crime, drama, horror, mystery, romance",4.0
"crime, drama, horror, mystery, sci-fi, thriller",1.5
"crime, drama, horror, mystery, thriller",3.2915636588380717
"crime, drama, horror, romance",1.5
"crime, drama, horror, sci-fi",3.1136363636363638
"crime, drama, horror, thriller",3.221146953405018
"crime, drama, musical",2.9351535836177476
"crime, drama, musical, romance",2.86
"crime, drama, musical, thriller",3.0727788279773156
"crime, drama, mystery",3.703988519398258
"crime, drama, mystery, romance",3.0762711864406778
"crime, drama, mystery, romance, thriller",3.5448216083212167
"crime, drama, mystery, sci-fi",3.3684210526315788
"crime, drama, mystery, sci-fi, thriller",3.5
"crime, drama, mystery, thriller",3.4928273222776296
"crime, drama, mystery, thriller, war",3.7389649923896497
"crime, drama, romance",3.724608638249717
"crime, drama, romance, thriller",3.56727435116108
"crime, drama, romance, war",3.702054794520548
"crime, drama, sci-fi",1.75
"crime, drama, sci-fi, thriller",3.9207343148634615
"crime, drama, thriller",3.7319807962512943
"crime, drama, thriller, war",3.6908006814310053
"crime, drama, thriller, western",3.07088122605364
"crime, drama, war",3.909349593495935
"crime, drama, western",3.7487182857894044
"crime, fantasy",3.5
"crime, fantasy, horror",3.907332563510393
"crime, fantasy, horror, thriller",3.2222222222222223
"crime, fantasy, mystery",3.125
"crime, film-noir",3.690432826226698
"crime, film-noir, horror, romance, thriller",3.38
"crime, film-noir, mystery",4.123771642489471
"crime, film-noir, mystery, romance",3.263157894736842
"crime, film-noir, mystery, romance, thriller",3.375
"crime, film-noir, mystery, thriller",4.040356889624202
"crime, film-noir, romance",3.6205357142857144
"crime, film-noir, thriller",4.092521170453593
"crime, horror",4.036012503746842
"crime, horror, mystery",3.3125755743651752
"crime, horror, mystery, romance, thriller",3.5
"crime, horror, mystery, sci-fi",2.5725806451612905
"crime, horror, mystery, sci-fi, thriller",2.976470588235294
"crime, horror, mystery, thriller",3.435633853977479
"crime, horror, romance",2.357142857142857
"crime, horror, sci-fi",2.32
"crime, horror, thriller",3.91181783137838
"crime, musical",3.1758928571428573
"crime, mystery",3.5764951321279557
"crime, mystery, romance",2.5
"crime, mystery, romance, thriller",3.9415951638065523
"crime, mystery, sci-fi",3.173228346456693
"crime, mystery, sci-fi, thriller",2.1666666666666665
"crime, mystery, thriller",4.008373295934371
"crime, mystery, war",3.3164556962025316
"crime, romance",3.146
"crime, romance, thriller",3.361576153532054
"crime, sci-fi",3.690082644628099
"crime, sci-fi, thriller",3.4344448654793482
"crime, thriller",3.5562872524514515
"crime, thriller, war",4.098406959665574
"crime, thriller, western",2.7580645161290325
"crime, western",3.292105263157895
documentary,3.755371710904286
"documentary, drama",3.646466786735883
"documentary, drama, horror",0.5
"documentary, drama, musical",3.445273631840796
"documentary, drama, mystery",3.8125
"documentary, drama, romance",3.1866666666666665
"documentary, drama, sci-fi",3.3333333333333335
"documentary, drama, thriller",3.2589285714285716
"documentary, drama, war",3.7385892116182573
"documentary, fantasy",3.6448598130841123
"documentary, horror",1.9486068111455108
"documentary, horror, mystery",3.5
"documentary, horror, thriller",2.5833333333333335
"documentary, horror, war",3.433333333333333
"documentary, imax",3.65888602704443
"documentary, musical",3.712493180578287
"documentary, musical, imax",3.3649484536082475
"documentary, musical, war",3.533333333333333
"documentary, mystery",3.5361904761904763
"documentary, mystery, romance, sci-fi",2.1
"documentary, romance",3.3518518518518516
"documentary, romance, war",3.3333333333333335
"documentary, sci-fi",3.68730407523511
"documentary, thriller",3.3909774436090228
"documentary, war",3.8632817188812867
"documentary, western",3.6666666666666665
drama,3.6926111666444847
"drama, fantasy",3.5972146812900423
"drama, fantasy, horror",3.2914301162476347
"drama, fantasy, horror, mystery",3.4516129032258065
"drama, fantasy, horror, mystery, romance",2.7941176470588234
"drama, fantasy, horror, mystery, thriller",3.10316435259929
"drama, fantasy, horror, romance",3.903579575364099
"drama, fantasy, horror, romance, thriller",2.351161154116819
"drama, fantasy, horror, sci-fi",2.707547169811321
"drama, fantasy, horror, sci-fi, thriller",2.7969924812030076
"drama, fantasy, horror, thriller",3.280813921165286
"drama, fantasy, horror, thriller, war",3.7323901264298613
"drama, fantasy, musical",3.738725693007861
"drama, fantasy, musical, mystery, sci-fi",3.630503144654088
"drama, fantasy, musical, romance",3.6408217362491717
"drama, fantasy, mystery",3.4281005859375
"drama, fantasy, mystery, romance",3.636854788557214
"drama, fantasy, mystery, romance, sci-fi",3.0555555555555554
"drama, fantasy, mystery, romance, thriller",2.983050847457627
"drama, fantasy, mystery, sci-fi",3.5544057068220636
"drama, fantasy, mystery, thriller",3.1220876048462256
"drama, fantasy, romance",3.7283569217683055
"drama, fantasy, romance, sci-fi",3.8156338953361066
"drama, fantasy, romance, thriller",2.4354312354312353
"drama, fantasy, romance, war",3.1923076923076925
"drama, fantasy, sci-fi",3.3408805031446542
"drama, fantasy, sci-fi, thriller",2.845303867403315
"drama, fantasy, thriller",3.894047458843583
"drama, fantasy, thriller, war",3.3983050847457625
"drama, fantasy, war",3.3249128919860627
"drama, film-noir",3.806408407170822
"drama, film-noir, horror, mystery",3.1822916666666665
"drama, film-noir, musical",2.6666666666666665
"drama, film-noir, musical, thriller",3.409090909090909
"drama, film-noir, mystery",3.689516129032258
"drama, film-noir, mystery, romance",3.912539184952978
"drama, film-noir, mystery, romance, sci-fi",3.0
"drama, film-noir, mystery, thriller",3.7737864077669903
"drama, film-noir, romance",4.066147433084686
"drama, film-noir, romance, thriller",3.1379310344827585
"drama, film-noir, thriller",3.738074269778365
"drama, film-noir, war",2.8846153846153846
"drama, horror",3.4443533984662253
"drama, horror, musical",2.7584745762711864
"drama, horror, musical, thriller",3.454812471757795
"drama, horror, mystery",3.889606146238078
"drama, horror, mystery, romance",2.388888888888889
"drama, horror, mystery, romance, thriller",3.5714285714285716
"drama, horror, mystery, sci-fi",3.038793103448276
"drama, horror, mystery, sci-fi, thriller",2.874948917041275
"drama, horror, mystery, thriller",3.415626373058334
"drama, horror, mystery, thriller, war",2.683333333333333
"drama, horror, romance",3.6218611521418023
"drama, horror, romance, sci-fi, thriller",2.375
"drama, horror, romance, thriller",3.0783143264433357
"drama, horror, sci-fi",3.3687460689576305
"drama, horror, sci-fi, thriller",3.3205923116201035
"drama, horror, sci-fi, war",3.1666666666666665
"drama, horror, thriller",3.2813496529731756
"drama, horror, thriller, war",3.066666666666667
"drama, horror, war",3.78486646884273
"drama, horror, western",2.0
"drama, imax",3.5125
"drama, musical",3.5372865501731483
"drama, musical, mystery",3.1901840490797544
"drama, musical, romance",3.5289553368660105
"drama, musical, romance, imax",3.5303165403477483
"drama, musical, romance, sci-fi",3.3529411764705883
"drama, musical, romance, war",3.6025641025641026
"drama, musical, thriller",3.253846153846154
"drama, musical, war",3.1363636363636362
"drama, mystery",3.8395880861850444
"drama, mystery, romance",3.540925981721402
"drama, mystery, romance, sci-fi",3.0
"drama, mystery, romance, sci-fi, thriller",3.555038103302286
"drama, mystery, romance, thriller",3.7367339736318033
"drama, mystery, romance, war",3.7831837505904584
"drama, mystery, sci-fi",3.7970142917786895
"drama, mystery, sci-fi, thriller",3.9269553439387446
"drama, mystery, thriller",3.607900334078768
"drama, mystery, thriller, war",3.2739726027397262
"drama, mystery, war",3.8992944194996793
"drama, mystery, western",3.9913372259978943
"drama, romance",3.668746821375426
"drama, romance, sci-fi",3.8139634166365637
"drama, romance, sci-fi, thriller",3.831103074141049
"drama, romance, thriller",3.652527809386684
"drama, romance, thriller, war",3.638758782201405
"drama, romance, war",3.7016254768618344
"drama, romance, war, western",3.4994318181818183
"drama, romance, western",3.5821283509342
"drama, sci-fi",3.6017327553534204
"drama, sci-fi, imax",3.4669255825607617
"drama, sci-fi, thriller",3.61452459758714
"drama, sci-fi, thriller, imax",2.7862980769230767
"drama, sci-fi, war",2.375
"drama, sci-fi, western",3.3629032258064515
"drama, thriller",3.48395704389884
"drama, thriller, war",3.769290036456572
"drama, thriller, western",3.6007972665148062
"drama, war",3.955537060678088
"drama, war, western",3.2070365358592694
"drama, western",3.913645678750618
fantasy,3.613067195636003
"fantasy, horror",2.9016314779270633
"fantasy, horror, musical",3.2493112947658402
"fantasy, horror, mystery",3.323993982700263
"fantasy, horror, mystery, romance",3.5239280114527234
"fantasy, horror, mystery, thriller",3.1630056745378
"fantasy, horror, romance",2.5
"fantasy, horror, romance, sci-fi",5.0
"fantasy, horror, romance, thriller",3.4421036523158537
"fantasy, horror, sci-fi",1.9709302325581395
"fantasy, horror, sci-fi, thriller",3.5558797782316893
"fantasy, horror, sci-fi, western",2.754918032786885
"fantasy, horror, thriller",3.4044658427477446
"fantasy, horror, war",2.9
"fantasy, horror, western",2.5
"fantasy, imax",3.5
"fantasy, musical",3.1650943396226414
"fantasy, musical, romance",2.8751375137513753
"fantasy, mystery",2.25
"fantasy, mystery, romance",4.25
"fantasy, mystery, romance, thriller",3.8357487922705316
"fantasy, mystery, sci-fi",3.2058823529411766
"fantasy, mystery, sci-fi, thriller",3.0476190476190474
"fantasy, mystery, sci-fi, war",2.9782608695652173
"fantasy, mystery, thriller",3.207971014492754
"fantasy, mystery, western",3.5058823529411764
"fantasy, romance",3.450324513230155
"fantasy, romance, sci-fi",3.7395833333333335
"fantasy, romance, thriller",3.5398936170212765
"fantasy, romance, thriller, imax",2.3773188659432973
"fantasy, sci-fi",3.958530732787793
"fantasy, sci-fi, thriller",2.347826086956522
"fantasy, thriller",3.310267857142857
"fantasy, western",3.8123861566484516
film-noir,3.851291745431632
"film-noir, horror",3.0714285714285716
"film-noir, horror, mystery, thriller",3.569400070997515
"film-noir, horror, thriller",3.3197674418604652
"film-noir, mystery",4.148479935143899
"film-noir, mystery, romance, thriller",3.25
"film-noir, mystery, thriller",4.093481803367735
"film-noir, romance, thriller",4.161201106282102
"film-noir, thriller",3.5164439876670093
"film-noir, thriller, war",3.4680851063829787
horror,3.1039730022408785
"horror, imax",2.7711092715231787
"horror, musical",2.810810810810811
"horror, musical, thriller",3.475095785440613
"horror, mystery",3.521001234298991
"horror, mystery, romance",3.371287128712871
"horror, mystery, romance, sci-fi",3.3947368421052633
"horror, mystery, romance, thriller",2.6666666666666665
"horror, mystery, sci-fi",3.2024553090674135
"horror, mystery, sci-fi, thriller",3.449549620733249
"horror, mystery, thriller",3.083376222336593
"horror, mystery, thriller, western",2.1666666666666665
"horror, mystery, western",2.9444444444444446
"horror, romance",3.2616250611845325
"horror, romance, sci-fi",3.224343675417661
"horror, romance, sci-fi, thriller",2.875
"horror, romance, thriller",3.3279266572637516
"horror, sci-fi",3.309727775647697
"horror, sci-fi, thriller",3.168650355518262
"horror, sci-fi, thriller, war",2.836734693877551
"horror, sci-fi, western",1.9583333333333333
"horror, thriller",2.9769347243809974
"horror, thriller, imax",2.880434782608696
"horror, thriller, war",2.8548387096774195
"horror, thriller, western",2.7153846153846155
"horror, war",2.5526315789473686
"horror, western",3.196816004508312
imax,2.4814814814814814
musical,3.317859710383075
"musical, romance",3.7144098553391607
"musical, romance, war",3.5317377731529658
"musical, romance, western",3.4611197511664074
"musical, sci-fi",3.032258064516129
"musical, war",3.357142857142857
"musical, western",3.0883838383838382
mystery,3.7917398945518452
"mystery, romance",3.2941176470588234
"mystery, romance, sci-fi",3.5677966101694913
"mystery, romance, sci-fi, thriller",3.399880974180553
"mystery, romance, thriller",3.765009236453202
"mystery, romance, western",3.21875
"mystery, sci-fi",3.6018078020932447
"mystery, sci-fi, thriller",3.843636074301256
"mystery, sci-fi, thriller, imax",3.476303317535545
"mystery, thriller",3.9731830967488717
"mystery, thriller, war",2.9375
"mystery, thriller, western",3.4183673469387754
"mystery, western",3.0703125
romance,3.2505505331478908
"romance, sci-fi",3.5146699266503667
"romance, sci-fi, thriller",3.5700767720049993
"romance, thriller",3.1394
"romance, war",3.267089499647639
"romance, western",3.4667621776504296
sci-fi,3.4140416177462467
"sci-fi, imax",4.097927896085535
"sci-fi, thriller",3.243438374767883
"sci-fi, thriller, imax",3.4659423318010867
"sci-fi, thriller, war",3.5
"sci-fi, thriller, western",2.2777777777777777
"sci-fi, war",3.5555555555555554
"sci-fi, western",3.327777777777778
thriller,3.5191429673136136
"thriller, war",3.2990506329113924
"thriller, western",3.0867768595041323
war,3.6198090692124105
"war, western",3.2755102040816326
western,3.588747807942463
