genres,num_ratings
(no genres listed),26627
action,42276
"action, adventure",143289
"action, adventure, animation",7652
"action, adventure, animation, children",9269
"action, adventure, animation, children, comedy",43289
"action, adventure, animation, children, comedy, fantasy",7760
"action, adventure, animation, children, comedy, imax",5465
"action, adventure, animation, children, comedy, romance",2936
"action, adventure, animation, children, comedy, sci-fi",3876
"action, adventure, animation, children, comedy, sci-fi, imax",180
"action, adventure, animation, children, comedy, western",3704
"action, adventure, animation, children, crime, mystery",7
"action, adventure, animation, children, drama",6
"action, adventure, animation, children, fantasy",1522
"action, adventure, animation, children, fantasy, sci-fi",5468
"action, adventure, animation, children, mystery",32
"action, adventure, animation, children, sci-fi",5890
"action, adventure, animation, comedy",6565
"action, adventure, animation, comedy, crime, mystery",1173
"action, adventure, animation, comedy, drama, fantasy, romance",35
"action, adventure, animation, comedy, fantasy",49
"action, adventure, animation, comedy, fantasy, mystery, sci-fi",365
"action, adventure, animation, comedy, sci-fi",50
"action, adventure, animation, comedy, thriller",71
"action, adventure, animation, crime",3
"action, adventure, animation, crime, fantasy",429
"action, adventure, animation, drama",309
"action, adventure, animation, drama, fantasy",13760
"action, adventure, animation, drama, fantasy, sci-fi",84
"action, adventure, animation, drama, romance",19
"action, adventure, animation, drama, sci-fi",10
"action, adventure, animation, drama, sci-fi, war",21
"action, adventure, animation, fantasy",2386
"action, adventure, animation, fantasy, horror",147
"action, adventure, animation, fantasy, imax",2645
"action, adventure, animation, fantasy, sci-fi",2921
"action, adventure, animation, horror",268
"action, adventure, animation, horror, sci-fi",7289
"action, adventure, animation, mystery, sci-fi",15
"action, adventure, animation, sci-fi",13890
"action, adventure, animation, sci-fi, thriller",60
"action, adventure, children",3745
"action, adventure, children, comedy",12465
"action, adventure, children, comedy, crime",144
"action, adventure, children, comedy, fantasy",15872
"action, adventure, children, comedy, fantasy, sci-fi",5578
"action, adventure, children, comedy, mystery",1042
"action, adventure, children, comedy, romance",6
"action, adventure, children, comedy, sci-fi",383
"action, adventure, children, crime, mystery, thriller",173
"action, adventure, children, drama",3568
"action, adventure, children, drama, fantasy",20
"action, adventure, children, drama, fantasy, sci-fi",14
"action, adventure, children, drama, western",5
"action, adventure, children, fantasy",5045
"action, adventure, children, fantasy, mystery, thriller",2458
"action, adventure, children, fantasy, sci-fi",6
"action, adventure, children, imax",3455
"action, adventure, children, mystery, sci-fi",1952
"action, adventure, children, romance",17
"action, adventure, children, sci-fi",1521
"action, adventure, comedy",76794
"action, adventure, comedy, crime",55153
"action, adventure, comedy, crime, drama",563
"action, adventure, comedy, crime, drama, film-noir, horror, mystery, thriller, western",419
"action, adventure, comedy, crime, drama, romance, thriller",11
"action, adventure, comedy, crime, drama, thriller",13
"action, adventure, comedy, crime, drama, war",7
"action, adventure, comedy, crime, fantasy",7570
"action, adventure, comedy, crime, mystery, romance",4
"action, adventure, comedy, crime, mystery, thriller",8792
"action, adventure, comedy, crime, romance, thriller",204
"action, adventure, comedy, crime, sci-fi",56
"action, adventure, comedy, crime, thriller",9138
"action, adventure, comedy, crime, thriller, war",12
"action, adventure, comedy, documentary, fantasy",99
"action, adventure, comedy, drama",192
"action, adventure, comedy, drama, fantasy, thriller",23
"action, adventure, comedy, drama, horror",3
"action, adventure, comedy, drama, mystery, romance, thriller",29
"action, adventure, comedy, drama, romance",749
"action, adventure, comedy, drama, romance, thriller",682
"action, adventure, comedy, drama, romance, war",145
"action, adventure, comedy, drama, romance, western",1
"action, adventure, comedy, drama, thriller",276
"action, adventure, comedy, drama, war",12067
"action, adventure, comedy, fantasy",71417
"action, adventure, comedy, fantasy, horror",12458
"action, adventure, comedy, fantasy, horror, sci-fi",1
"action, adventure, comedy, fantasy, horror, thriller",19483
"action, adventure, comedy, fantasy, mystery",3805
"action, adventure, comedy, fantasy, romance",38096
"action, adventure, comedy, fantasy, sci-fi",1844
"action, adventure, comedy, fantasy, sci-fi, thriller",38
"action, adventure, comedy, horror",655
"action, adventure, comedy, horror, sci-fi, thriller",3
"action, adventure, comedy, horror, thriller",4
"action, adventure, comedy, musical, romance, thriller",148
"action, adventure, comedy, mystery",46
"action, adventure, comedy, mystery, romance",3
"action, adventure, comedy, romance",45537
"action, adventure, comedy, romance, thriller",46138
"action, adventure, comedy, romance, war",21
"action, adventure, comedy, sci-fi",67162
"action, adventure, comedy, sci-fi, imax",404
"action, adventure, comedy, sci-fi, thriller",333
"action, adventure, comedy, thriller",14404
"action, adventure, comedy, war",9948
"action, adventure, comedy, war, western",1
"action, adventure, comedy, western",9602
"action, adventure, crime",3860
"action, adventure, crime, drama",1880
"action, adventure, crime, drama, fantasy, horror, mystery",6
"action, adventure, crime, drama, mystery",1
"action, adventure, crime, drama, mystery, thriller",18
"action, adventure, crime, drama, romance",3
"action, adventure, crime, drama, romance, thriller",1036
"action, adventure, crime, drama, sci-fi",24
"action, adventure, crime, drama, sci-fi, thriller, war",3
"action, adventure, crime, drama, thriller",20444
"action, adventure, crime, drama, thriller, war",12257
"action, adventure, crime, drama, western",49
"action, adventure, crime, fantasy",22
"action, adventure, crime, film-noir, romance",2
"action, adventure, crime, horror",6
"action, adventure, crime, horror, sci-fi",1
"action, adventure, crime, horror, thriller",4524
"action, adventure, crime, imax",19912
"action, adventure, crime, mystery",9
"action, adventure, crime, mystery, romance",17
"action, adventure, crime, mystery, thriller",35
"action, adventure, crime, romance",2
"action, adventure, crime, romance, western",10
"action, adventure, crime, sci-fi, thriller",634
"action, adventure, crime, thriller",26769
"action, adventure, crime, war",3
"action, adventure, crime, western",5
"action, adventure, documentary",206
"action, adventure, documentary, drama",1
"action, adventure, documentary, drama, thriller, western",2
"action, adventure, drama",123505
"action, adventure, drama, fantasy",55169
"action, adventure, drama, fantasy, horror, romance, sci-fi",14
"action, adventure, drama, fantasy, imax",9535
"action, adventure, drama, fantasy, mystery",14
"action, adventure, drama, fantasy, mystery, imax",13485
"action, adventure, drama, fantasy, romance",2
"action, adventure, drama, fantasy, romance, sci-fi, thriller",36
"action, adventure, drama, fantasy, sci-fi, thriller",4
"action, adventure, drama, fantasy, thriller",9980
"action, adventure, drama, horror, sci-fi",2
"action, adventure, drama, horror, thriller",38
"action, adventure, drama, imax",544
"action, adventure, drama, musical, romance, thriller, war",21
"action, adventure, drama, mystery",97
"action, adventure, drama, mystery, thriller",9739
"action, adventure, drama, romance",1807
"action, adventure, drama, romance, thriller",215
"action, adventure, drama, romance, thriller, western",87
"action, adventure, drama, romance, war",2870
"action, adventure, drama, romance, western",44
"action, adventure, drama, sci-fi",15927
"action, adventure, drama, sci-fi, thriller",50876
"action, adventure, drama, thriller",24129
"action, adventure, drama, thriller, imax",3688
"action, adventure, drama, thriller, war",867
"action, adventure, drama, thriller, western",3983
"action, adventure, drama, war",56327
"action, adventure, drama, war, western",223
"action, adventure, drama, western",7327
"action, adventure, fantasy",137375
"action, adventure, fantasy, horror",22081
"action, adventure, fantasy, horror, sci-fi",3
"action, adventure, fantasy, horror, sci-fi, thriller",1
"action, adventure, fantasy, horror, thriller",726
"action, adventure, fantasy, imax",27107
"action, adventure, fantasy, musical",7
"action, adventure, fantasy, musical, romance",6
"action, adventure, fantasy, mystery",3814
"action, adventure, fantasy, mystery, sci-fi",11
"action, adventure, fantasy, romance",1736
"action, adventure, fantasy, romance, imax",3093
"action, adventure, fantasy, romance, sci-fi",39
"action, adventure, fantasy, sci-fi",30868
"action, adventure, fantasy, sci-fi, imax",17611
"action, adventure, fantasy, sci-fi, thriller",75
"action, adventure, fantasy, thriller",15137
"action, adventure, fantasy, war",272
"action, adventure, horror",240
"action, adventure, horror, mystery",3
"action, adventure, horror, mystery, sci-fi, thriller",479
"action, adventure, horror, sci-fi",32149
"action, adventure, horror, sci-fi, thriller",178
"action, adventure, horror, thriller",7
"action, adventure, imax",156
"action, adventure, mystery",3
"action, adventure, mystery, romance",3
"action, adventure, mystery, romance, thriller",16850
"action, adventure, mystery, sci-fi",13871
"action, adventure, mystery, sci-fi, thriller",103
"action, adventure, mystery, thriller",39608
"action, adventure, romance",8031
"action, adventure, romance, sci-fi",35
"action, adventure, romance, thriller",33892
"action, adventure, romance, war",126
"action, adventure, romance, western",11
"action, adventure, sci-fi",595361
"action, adventure, sci-fi, imax",166640
"action, adventure, sci-fi, thriller",357723
"action, adventure, sci-fi, thriller, imax",61846
"action, adventure, sci-fi, thriller, war",19785
"action, adventure, sci-fi, war, imax",2854
"action, adventure, sci-fi, western",125
"action, adventure, thriller",344500
"action, adventure, thriller, imax",17746
"action, adventure, thriller, war",3821
"action, adventure, thriller, western",17
"action, adventure, war",2581
"action, adventure, war, western",2
"action, adventure, western",18899
"action, adventure, western, imax",1634
"action, animation",933
"action, animation, children",86
"action, animation, children, comedy",760
"action, animation, children, comedy, fantasy",3
"action, animation, children, comedy, imax",11259
"action, animation, children, comedy, sci-fi",50
"action, animation, children, comedy, sci-fi, imax",5339
"action, animation, children, crime",1875
"action, animation, children, fantasy",571
"action, animation, children, fantasy, sci-fi",83
"action, animation, children, sci-fi",443
"action, animation, comedy",11992
"action, animation, comedy, crime, drama, romance, thriller",1388
"action, animation, comedy, fantasy",82
"action, animation, comedy, fantasy, horror, sci-fi",5
"action, animation, comedy, horror, mystery, thriller",17
"action, animation, comedy, horror, thriller",67
"action, animation, comedy, romance",27
"action, animation, comedy, romance, western",11
"action, animation, comedy, sci-fi",11
"action, animation, comedy, thriller",5
"action, animation, crime",128
"action, animation, crime, drama",292
"action, animation, crime, drama, mystery",3
"action, animation, crime, horror, sci-fi",7
"action, animation, crime, mystery",55
"action, animation, crime, sci-fi",212
"action, animation, crime, sci-fi, thriller",177
"action, animation, crime, thriller",42
"action, animation, drama",44
"action, animation, drama, fantasy, horror",5
"action, animation, drama, fantasy, sci-fi",1008
"action, animation, drama, horror, sci-fi",67
"action, animation, drama, mystery",5
"action, animation, drama, sci-fi",5452
"action, animation, drama, sci-fi, thriller",1684
"action, animation, drama, thriller",25
"action, animation, drama, war",56
"action, animation, fantasy",391
"action, animation, fantasy, horror",153
"action, animation, fantasy, horror, sci-fi, thriller",43
"action, animation, fantasy, imax",149
"action, animation, fantasy, sci-fi",814
"action, animation, fantasy, sci-fi, thriller",38
"action, animation, film-noir, sci-fi, thriller",290
"action, animation, horror",333
"action, animation, horror, mystery",156
"action, animation, horror, sci-fi",59
"action, animation, horror, thriller",51
"action, animation, mystery",32
"action, animation, mystery, imax",2929
"action, animation, romance",54
"action, animation, sci-fi",2669
"action, animation, sci-fi, thriller",3677
"action, animation, sci-fi, war",20
"action, animation, sci-fi, western",127
"action, animation, thriller",22
"action, animation, western",9
"action, children",3181
"action, children, comedy",2811
"action, children, comedy, crime",5
"action, children, comedy, crime, drama, romance",35
"action, children, comedy, drama",4
"action, children, comedy, drama, fantasy",7
"action, children, comedy, drama, fantasy, thriller",5
"action, children, comedy, drama, romance",13
"action, children, comedy, drama, thriller",4
"action, children, comedy, fantasy, sci-fi",4997
"action, children, comedy, mystery",15
"action, children, comedy, romance",47
"action, children, crime, drama",1
"action, children, crime, drama, romance",6
"action, children, crime, drama, thriller",9
"action, children, crime, fantasy, mystery",414
"action, children, drama",1815
"action, children, drama, mystery, thriller",4
"action, children, drama, romance",10
"action, children, drama, thriller",1
"action, children, drama, western",2
"action, children, fantasy",3045
"action, children, fantasy, musical",10
"action, children, fantasy, sci-fi",9
"action, children, romance",3458
"action, children, sci-fi, imax",840
"action, children, thriller",15
"action, comedy",140121
"action, comedy, crime",48855
"action, comedy, crime, documentary",5
"action, comedy, crime, drama",60800
"action, comedy, crime, drama, horror, thriller",1208
"action, comedy, crime, drama, musical, romance",37
"action, comedy, crime, drama, musical, thriller",51
"action, comedy, crime, drama, mystery",8
"action, comedy, crime, drama, romance",13
"action, comedy, crime, drama, romance, thriller",2
"action, comedy, crime, drama, sci-fi",11756
"action, comedy, crime, drama, thriller",21781
"action, comedy, crime, drama, war",14
"action, comedy, crime, fantasy",35353
"action, comedy, crime, fantasy, thriller",21
"action, comedy, crime, fantasy, thriller, imax",1783
"action, comedy, crime, horror",1364
"action, comedy, crime, horror, thriller",7
"action, comedy, crime, mystery",14357
"action, comedy, crime, mystery, thriller",38
"action, comedy, crime, romance",8453
"action, comedy, crime, romance, thriller",11
"action, comedy, crime, sci-fi",6
"action, comedy, crime, thriller",80655
"action, comedy, crime, western",400
"action, comedy, documentary",4991
"action, comedy, documentary, drama",19
"action, comedy, documentary, drama, romance, thriller",1
"action, comedy, drama",7573
"action, comedy, drama, fantasy, mystery, sci-fi, war",14
"action, comedy, drama, fantasy, sci-fi, imax",24
"action, comedy, drama, fantasy, thriller",53
"action, comedy, drama, horror",216
"action, comedy, drama, horror, thriller",156
"action, comedy, drama, musical, romance",51
"action, comedy, drama, mystery, thriller",2
"action, comedy, drama, romance",171
"action, comedy, drama, romance, thriller",2
"action, comedy, drama, romance, war",5
"action, comedy, drama, thriller",1310
"action, comedy, drama, thriller, war",32
"action, comedy, drama, war",26
"action, comedy, drama, western",43
"action, comedy, fantasy",9305
"action, comedy, fantasy, horror",8377
"action, comedy, fantasy, horror, thriller",136
"action, comedy, fantasy, imax",6052
"action, comedy, fantasy, musical, romance",9367
"action, comedy, fantasy, romance",53
"action, comedy, fantasy, romance, sci-fi",2
"action, comedy, fantasy, sci-fi",1149
"action, comedy, fantasy, thriller",679
"action, comedy, film-noir, musical, sci-fi",9
"action, comedy, horror",18980
"action, comedy, horror, musical",27
"action, comedy, horror, mystery",13
"action, comedy, horror, romance, sci-fi",54
"action, comedy, horror, romance, thriller",5
"action, comedy, horror, sci-fi",3383
"action, comedy, horror, sci-fi, thriller",1072
"action, comedy, horror, thriller",16920
"action, comedy, horror, western",4
"action, comedy, imax",2382
"action, comedy, musical",23238
"action, comedy, musical, romance",22
"action, comedy, musical, sci-fi",42
"action, comedy, mystery",1
"action, comedy, mystery, romance",15
"action, comedy, mystery, romance, thriller",19
"action, comedy, mystery, thriller",17
"action, comedy, romance",43630
"action, comedy, romance, sci-fi",12
"action, comedy, romance, sci-fi, thriller",9
"action, comedy, romance, thriller",2982
"action, comedy, romance, war",4013
"action, comedy, romance, western",77
"action, comedy, sci-fi",123448
"action, comedy, sci-fi, imax",5248
"action, comedy, sci-fi, thriller",923
"action, comedy, sci-fi, western",11723
"action, comedy, thriller",9990
"action, comedy, thriller, western",57
"action, comedy, war",15065
"action, comedy, western",7070
"action, crime",95785
"action, crime, documentary",3
"action, crime, documentary, thriller",3
"action, crime, drama",66802
"action, crime, drama, fantasy, romance",52
"action, crime, drama, film-noir",19
"action, crime, drama, film-noir, mystery, romance, thriller",1
"action, crime, drama, film-noir, thriller",87
"action, crime, drama, horror",55
"action, crime, drama, horror, thriller",2007
"action, crime, drama, imax",42189
"action, crime, drama, musical",2
"action, crime, drama, mystery",52
"action, crime, drama, mystery, romance, thriller",3
"action, crime, drama, mystery, sci-fi, thriller",8646
"action, crime, drama, mystery, sci-fi, thriller, imax",38895
"action, crime, drama, mystery, thriller",29058
"action, crime, drama, romance",112
"action, crime, drama, romance, thriller",382
"action, crime, drama, romance, western",52
"action, crime, drama, sci-fi",282
"action, crime, drama, sci-fi, thriller",20043
"action, crime, drama, thriller",260088
"action, crime, drama, thriller, imax",2676
"action, crime, drama, thriller, war",9575
"action, crime, drama, thriller, western",168
"action, crime, drama, war",7407
"action, crime, drama, western",6670
"action, crime, fantasy",3338
"action, crime, fantasy, romance",1
"action, crime, fantasy, sci-fi, thriller",1439
"action, crime, fantasy, thriller",16226
"action, crime, film-noir",331
"action, crime, film-noir, mystery, thriller",22271
"action, crime, horror",2586
"action, crime, horror, mystery, thriller",814
"action, crime, horror, sci-fi",10
"action, crime, horror, sci-fi, thriller",5327
"action, crime, horror, thriller",641
"action, crime, imax",30684
"action, crime, musical",64
"action, crime, musical, romance",60
"action, crime, mystery",1850
"action, crime, mystery, romance, sci-fi, thriller",6
"action, crime, mystery, romance, thriller",1355
"action, crime, mystery, sci-fi, thriller",41630
"action, crime, mystery, thriller",26098
"action, crime, romance",460
"action, crime, romance, thriller",14201
"action, crime, sci-fi",29341
"action, crime, sci-fi, imax",1782
"action, crime, sci-fi, thriller",5228
"action, crime, thriller",379990
"action, crime, thriller, imax",5280
"action, crime, thriller, war",126
"action, crime, thriller, western",4224
"action, crime, western",59
"action, documentary",32
"action, documentary, drama",166
"action, documentary, drama, romance, war",14
"action, documentary, sci-fi",3
"action, drama",86629
"action, drama, fantasy",2402
"action, drama, fantasy, horror",5
"action, drama, fantasy, horror, mystery, sci-fi, thriller",320
"action, drama, fantasy, horror, sci-fi, thriller",14
"action, drama, fantasy, horror, thriller, war",33
"action, drama, fantasy, mystery",3
"action, drama, fantasy, romance",78
"action, drama, fantasy, sci-fi",271
"action, drama, fantasy, sci-fi, thriller",5
"action, drama, fantasy, thriller",1
"action, drama, fantasy, war",38
"action, drama, horror",3746
"action, drama, horror, imax",6144
"action, drama, horror, mystery",17
"action, drama, horror, mystery, thriller",1
"action, drama, horror, romance, sci-fi",36
"action, drama, horror, sci-fi",28
"action, drama, horror, sci-fi, thriller",2134
"action, drama, horror, thriller",13394
"action, drama, horror, war",2
"action, drama, imax",214
"action, drama, musical",9
"action, drama, musical, romance",134
"action, drama, musical, war",32
"action, drama, mystery",3980
"action, drama, mystery, romance, sci-fi",3
"action, drama, mystery, romance, sci-fi, thriller",1
"action, drama, mystery, romance, thriller",2422
"action, drama, mystery, sci-fi",79
"action, drama, mystery, sci-fi, thriller",12095
"action, drama, mystery, sci-fi, thriller, imax",11981
"action, drama, mystery, sci-fi, thriller, war",7
"action, drama, mystery, thriller",418
"action, drama, mystery, thriller, war",26
"action, drama, romance",49940
"action, drama, romance, sci-fi",7917
"action, drama, romance, thriller",3152
"action, drama, romance, thriller, war",587
"action, drama, romance, war",37107
"action, drama, romance, western",1072
"action, drama, sci-fi",26664
"action, drama, sci-fi, imax",7752
"action, drama, sci-fi, thriller",47989
"action, drama, thriller",116146
"action, drama, thriller, imax",2528
"action, drama, thriller, war",20337
"action, drama, thriller, western",6019
"action, drama, war",257972
"action, drama, war, imax",1576
"action, drama, war, western",591
"action, drama, western",40902
"action, fantasy",4026
"action, fantasy, horror",10998
"action, fantasy, horror, imax",2881
"action, fantasy, horror, mystery",9
"action, fantasy, horror, mystery, sci-fi, thriller",1409
"action, fantasy, horror, mystery, thriller",5214
"action, fantasy, horror, romance",283
"action, fantasy, horror, sci-fi",30
"action, fantasy, horror, sci-fi, thriller",429
"action, fantasy, horror, thriller",16571
"action, fantasy, horror, war",1
"action, fantasy, mystery",306
"action, fantasy, mystery, sci-fi, thriller",14
"action, fantasy, romance",66
"action, fantasy, romance, sci-fi",13
"action, fantasy, romance, thriller",20
"action, fantasy, sci-fi",8182
"action, fantasy, sci-fi, imax",399
"action, fantasy, sci-fi, thriller",1677
"action, fantasy, sci-fi, thriller, war",69
"action, fantasy, thriller",4400
"action, fantasy, thriller, imax",2436
"action, fantasy, war, imax",18769
"action, fantasy, western",194
"action, film-noir, thriller",11
"action, horror",30719
"action, horror, musical",13
"action, horror, mystery",82
"action, horror, mystery, romance",1
"action, horror, mystery, sci-fi",103
"action, horror, mystery, sci-fi, thriller",10
"action, horror, mystery, thriller",680
"action, horror, sci-fi",43426
"action, horror, sci-fi, imax",8742
"action, horror, sci-fi, thriller",63864
"action, horror, sci-fi, thriller, imax",15885
"action, horror, sci-fi, thriller, war",254
"action, horror, sci-fi, war",438
"action, horror, sci-fi, war, western",4
"action, horror, sci-fi, western",20
"action, horror, thriller",27600
"action, horror, thriller, war",2
"action, horror, war",1
"action, horror, western",5
"action, musical, romance",15
"action, musical, sci-fi",38
"action, mystery",11715
"action, mystery, romance",15
"action, mystery, romance, western",5
"action, mystery, sci-fi",15075
"action, mystery, sci-fi, thriller",11546
"action, mystery, thriller",40738
"action, romance",21643
"action, romance, sci-fi",35
"action, romance, sci-fi, thriller",30966
"action, romance, thriller",46722
"action, romance, war",8
"action, romance, war, western",11948
"action, romance, western",14293
"action, sci-fi",156112
"action, sci-fi, imax",27346
"action, sci-fi, thriller",313025
"action, sci-fi, thriller, imax",49828
"action, sci-fi, thriller, war",3
"action, sci-fi, thriller, western",4244
"action, sci-fi, thriller, western, imax",2474
"action, sci-fi, war",3837
"action, sci-fi, western",1
"action, thriller",159909
"action, thriller, war",11311
"action, thriller, western",6870
"action, war",12822
"action, war, western",55
"action, western",29209
adventure,5040
"adventure, animation",900
"adventure, animation, children",24842
"adventure, animation, children, comedy",116942
"adventure, animation, children, comedy, crime",6102
"adventure, animation, children, comedy, crime, fantasy, mystery",21899
"adventure, animation, children, comedy, drama",60
"adventure, animation, children, comedy, drama, fantasy",13605
"adventure, animation, children, comedy, drama, fantasy, musical, romance",15
"adventure, animation, children, comedy, drama, musical, romance",11107
"adventure, animation, children, comedy, fantasy",151541
"adventure, animation, children, comedy, fantasy, imax",17236
"adventure, animation, children, comedy, fantasy, musical",46
"adventure, animation, children, comedy, fantasy, musical, romance",3859
"adventure, animation, children, comedy, fantasy, romance",42945
"adventure, animation, children, comedy, fantasy, sci-fi",11798
"adventure, animation, children, comedy, fantasy, sci-fi, imax",3115
"adventure, animation, children, comedy, fantasy, war",346
"adventure, animation, children, comedy, imax",6532
"adventure, animation, children, comedy, musical",58552
"adventure, animation, children, comedy, musical, romance",20198
"adventure, animation, children, comedy, mystery",32
"adventure, animation, children, comedy, romance",143
"adventure, animation, children, comedy, sci-fi",8361
"adventure, animation, children, crime, drama",3121
"adventure, animation, children, drama",36682
"adventure, animation, children, drama, fantasy",7826
"adventure, animation, children, drama, musical",4646
"adventure, animation, children, drama, musical, imax",42745
"adventure, animation, children, drama, sci-fi",9855
"adventure, animation, children, fantasy",22485
"adventure, animation, children, fantasy, imax",19255
"adventure, animation, children, fantasy, musical",19678
"adventure, animation, children, fantasy, musical, romance",2070
"adventure, animation, children, fantasy, musical, sci-fi",9
"adventure, animation, children, fantasy, mystery",11
"adventure, animation, children, fantasy, mystery, sci-fi",66
"adventure, animation, children, fantasy, sci-fi",1641
"adventure, animation, children, imax",72
"adventure, animation, children, musical",4556
"adventure, animation, children, musical, western",2179
"adventure, animation, children, mystery",24
"adventure, animation, children, mystery, romance",9
"adventure, animation, children, romance",59
"adventure, animation, children, romance, sci-fi",27374
"adventure, animation, children, sci-fi",9587
"adventure, animation, children, sci-fi, imax",2414
"adventure, animation, children, western",1204
"adventure, animation, comedy",22418
"adventure, animation, comedy, crime",8407
"adventure, animation, comedy, drama, fantasy",48
"adventure, animation, comedy, drama, fantasy, sci-fi",9
"adventure, animation, comedy, fantasy",623
"adventure, animation, comedy, fantasy, imax",1723
"adventure, animation, comedy, fantasy, musical",4106
"adventure, animation, comedy, fantasy, musical, romance",7220
"adventure, animation, comedy, fantasy, romance",2845
"adventure, animation, comedy, fantasy, romance, sci-fi",253
"adventure, animation, comedy, mystery",4
"adventure, animation, comedy, sci-fi",858
"adventure, animation, crime",5
"adventure, animation, crime, mystery",4
"adventure, animation, drama",1831
"adventure, animation, drama, fantasy",6
"adventure, animation, drama, fantasy, musical, romance",62
"adventure, animation, drama, fantasy, romance",1
"adventure, animation, drama, fantasy, sci-fi",5479
"adventure, animation, drama, horror",272
"adventure, animation, drama, mystery, sci-fi",159
"adventure, animation, drama, romance, war",17
"adventure, animation, drama, sci-fi",7
"adventure, animation, drama, sci-fi, war",59
"adventure, animation, fantasy",24132
"adventure, animation, fantasy, horror, sci-fi",31
"adventure, animation, fantasy, imax",1044
"adventure, animation, fantasy, musical, sci-fi",379
"adventure, animation, fantasy, romance",10592
"adventure, animation, fantasy, sci-fi",7125
"adventure, animation, horror, sci-fi, thriller",38
"adventure, animation, mystery",8
"adventure, animation, romance",856
"adventure, animation, romance, sci-fi",4
"adventure, animation, sci-fi",3431
"adventure, animation, war",4
"adventure, children",35634
"adventure, children, comedy",18352
"adventure, children, comedy, crime",23
"adventure, children, comedy, drama",2588
"adventure, children, comedy, drama, fantasy",135
"adventure, children, comedy, drama, fantasy, sci-fi",101
"adventure, children, comedy, fantasy",10185
"adventure, children, comedy, fantasy, horror",38
"adventure, children, comedy, fantasy, imax",12503
"adventure, children, comedy, fantasy, musical",1990
"adventure, children, comedy, fantasy, mystery",3119
"adventure, children, comedy, fantasy, romance",1603
"adventure, children, comedy, fantasy, romance, sci-fi",3
"adventure, children, comedy, fantasy, sci-fi",16107
"adventure, children, comedy, horror",5
"adventure, children, comedy, imax",16
"adventure, children, comedy, musical",12362
"adventure, children, comedy, musical, sci-fi",53
"adventure, children, comedy, mystery",3514
"adventure, children, comedy, romance, sci-fi",416
"adventure, children, comedy, sci-fi",257
"adventure, children, crime, drama",3
"adventure, children, documentary",58
"adventure, children, documentary, drama",2
"adventure, children, drama",27739
"adventure, children, drama, fantasy",1132
"adventure, children, drama, fantasy, imax",3244
"adventure, children, drama, fantasy, mystery",19
"adventure, children, drama, fantasy, romance",37
"adventure, children, drama, romance",376
"adventure, children, drama, sci-fi",43
"adventure, children, drama, war",1
"adventure, children, drama, western",1
"adventure, children, fantasy",103509
"adventure, children, fantasy, musical",24994
"adventure, children, fantasy, musical, romance",140
"adventure, children, fantasy, romance",19
"adventure, children, fantasy, sci-fi",835
"adventure, children, fantasy, sci-fi, thriller",686
"adventure, children, fantasy, western",214
"adventure, children, musical",6110
"adventure, children, mystery",20
"adventure, children, romance",7030
"adventure, children, romance, sci-fi",3
"adventure, children, sci-fi",8449
"adventure, children, sci-fi, thriller",38
"adventure, children, war",22
"adventure, children, western",4
"adventure, comedy",106400
"adventure, comedy, crime",26869
"adventure, comedy, crime, drama",91
"adventure, comedy, crime, drama, fantasy, mystery, sci-fi, thriller",44
"adventure, comedy, crime, drama, mystery",1
"adventure, comedy, crime, drama, mystery, thriller",92
"adventure, comedy, crime, drama, romance",381
"adventure, comedy, crime, drama, romance, thriller",2
"adventure, comedy, crime, fantasy",183
"adventure, comedy, crime, mystery",426
"adventure, comedy, crime, romance",5388
"adventure, comedy, crime, sci-fi",3
"adventure, comedy, crime, thriller",557
"adventure, comedy, documentary",90
"adventure, comedy, documentary, fantasy",5
"adventure, comedy, documentary, mystery",164
"adventure, comedy, drama",43186
"adventure, comedy, drama, fantasy",268
"adventure, comedy, drama, fantasy, mystery, sci-fi, thriller",1002
"adventure, comedy, drama, fantasy, romance",5279
"adventure, comedy, drama, romance",595
"adventure, comedy, drama, thriller",2
"adventure, comedy, drama, war",85
"adventure, comedy, fantasy",80607
"adventure, comedy, fantasy, horror",60
"adventure, comedy, fantasy, musical",481
"adventure, comedy, fantasy, musical, romance",5
"adventure, comedy, fantasy, romance",6694
"adventure, comedy, fantasy, romance, imax",101
"adventure, comedy, fantasy, sci-fi",11955
"adventure, comedy, horror",1319
"adventure, comedy, horror, romance",77
"adventure, comedy, horror, sci-fi",2
"adventure, comedy, musical",10093
"adventure, comedy, musical, romance",219
"adventure, comedy, musical, romance, sci-fi",20
"adventure, comedy, musical, romance, western",15
"adventure, comedy, musical, sci-fi",64
"adventure, comedy, mystery",644
"adventure, comedy, mystery, romance",2958
"adventure, comedy, mystery, western",4
"adventure, comedy, romance",14931
"adventure, comedy, romance, sci-fi",9
"adventure, comedy, romance, war",10881
"adventure, comedy, sci-fi",133010
"adventure, comedy, sci-fi, thriller",3969
"adventure, comedy, sci-fi, thriller, war",13
"adventure, comedy, sci-fi, western",21883
"adventure, comedy, thriller",1755
"adventure, comedy, war",446
"adventure, comedy, western",28823
"adventure, crime",10
"adventure, crime, documentary",28
"adventure, crime, drama",15561
"adventure, crime, drama, fantasy, mystery, thriller",4
"adventure, crime, drama, horror, mystery",354
"adventure, crime, drama, horror, thriller",11
"adventure, crime, drama, mystery, romance",6
"adventure, crime, drama, mystery, thriller",8
"adventure, crime, drama, romance",217
"adventure, crime, drama, romance, thriller",8
"adventure, crime, drama, romance, war",24
"adventure, crime, drama, thriller",418
"adventure, crime, drama, western",31
"adventure, crime, horror",13
"adventure, crime, horror, thriller",100
"adventure, crime, mystery",2
"adventure, crime, mystery, romance",6
"adventure, crime, mystery, romance, thriller",2
"adventure, crime, thriller",352
"adventure, crime, thriller, western",3
"adventure, documentary",3376
"adventure, documentary, drama",354
"adventure, documentary, drama, mystery, thriller",6
"adventure, documentary, drama, thriller",31
"adventure, documentary, drama, war",2
"adventure, documentary, imax",117
"adventure, documentary, sci-fi",3
"adventure, documentary, western",23
"adventure, drama",91666
"adventure, drama, fantasy",9325
"adventure, drama, fantasy, film-noir",17
"adventure, drama, fantasy, horror",18
"adventure, drama, fantasy, horror, thriller",1
"adventure, drama, fantasy, imax",14346
"adventure, drama, fantasy, musical, romance",6
"adventure, drama, fantasy, mystery",3
"adventure, drama, fantasy, mystery, sci-fi",8305
"adventure, drama, fantasy, romance",6198
"adventure, drama, fantasy, romance, imax",1569
"adventure, drama, fantasy, romance, thriller",33
"adventure, drama, fantasy, thriller",9
"adventure, drama, film-noir, thriller",25
"adventure, drama, horror",52
"adventure, drama, horror, mystery",327
"adventure, drama, horror, mystery, thriller",747
"adventure, drama, horror, sci-fi",8
"adventure, drama, horror, sci-fi, thriller",644
"adventure, drama, horror, thriller",3106
"adventure, drama, imax",57751
"adventure, drama, mystery",172
"adventure, drama, mystery, sci-fi, thriller",185
"adventure, drama, mystery, thriller",2442
"adventure, drama, romance",15338
"adventure, drama, romance, sci-fi",7152
"adventure, drama, romance, thriller",105
"adventure, drama, romance, thriller, war",1011
"adventure, drama, romance, war",869
"adventure, drama, romance, war, western",2
"adventure, drama, romance, western",51
"adventure, drama, sci-fi",107422
"adventure, drama, sci-fi, thriller",4660
"adventure, drama, sci-fi, war",8
"adventure, drama, thriller",31002
"adventure, drama, thriller, imax",4744
"adventure, drama, thriller, war",67
"adventure, drama, war",41840
"adventure, drama, war, western",1301
"adventure, drama, western",45051
"adventure, fantasy",153729
"adventure, fantasy, film-noir, mystery, sci-fi",44
"adventure, fantasy, horror",28
"adventure, fantasy, horror, romance, sci-fi, thriller",68
"adventure, fantasy, horror, sci-fi",5
"adventure, fantasy, imax",49327
"adventure, fantasy, musical",8800
"adventure, fantasy, musical, romance",121
"adventure, fantasy, mystery",71
"adventure, fantasy, mystery, romance, imax",14175
"adventure, fantasy, mystery, thriller",33
"adventure, fantasy, romance",7226
"adventure, fantasy, romance, sci-fi",25
"adventure, fantasy, romance, sci-fi, thriller",2673
"adventure, fantasy, sci-fi",892
"adventure, fantasy, sci-fi, western",1
"adventure, fantasy, thriller, imax",18848
"adventure, film-noir, sci-fi, thriller",12170
"adventure, horror",195
"adventure, horror, mystery",39
"adventure, horror, mystery, thriller",138
"adventure, horror, romance, sci-fi",93
"adventure, horror, sci-fi",1195
"adventure, horror, sci-fi, thriller",8
"adventure, horror, thriller",164
"adventure, musical",337
"adventure, musical, romance",7
"adventure, musical, romance, sci-fi",55
"adventure, mystery",10
"adventure, mystery, romance",1
"adventure, mystery, romance, thriller",5
"adventure, mystery, sci-fi",20
"adventure, mystery, sci-fi, thriller",2034
"adventure, mystery, thriller",390
"adventure, mystery, western",23
"adventure, romance",3528
"adventure, romance, imax",65
"adventure, romance, sci-fi",38
"adventure, romance, sci-fi, imax",3939
"adventure, romance, thriller",2537
"adventure, romance, war",105
"adventure, romance, war, western",185
"adventure, romance, western",91
"adventure, sci-fi",29632
"adventure, sci-fi, thriller",8817
"adventure, thriller",1617
"adventure, thriller, war",5
"adventure, thriller, western",704
"adventure, war",1241
"adventure, war, western",399
"adventure, western",8728
animation,11620
"animation, children",34049
"animation, children, comedy",63558
"animation, children, comedy, crime",24931
"animation, children, comedy, drama",555
"animation, children, comedy, drama, fantasy",2654
"animation, children, comedy, drama, fantasy, musical",12
"animation, children, comedy, drama, fantasy, romance, sci-fi",20
"animation, children, comedy, drama, romance",597
"animation, children, comedy, fantasy",3223
"animation, children, comedy, fantasy, horror",13
"animation, children, comedy, fantasy, musical",11
"animation, children, comedy, fantasy, musical, romance, imax",7695
"animation, children, comedy, fantasy, mystery, romance",44
"animation, children, comedy, fantasy, sci-fi",7
"animation, children, comedy, horror",32
"animation, children, comedy, imax",4695
"animation, children, comedy, musical",13609
"animation, children, comedy, musical, romance",15145
"animation, children, comedy, musical, sci-fi",38
"animation, children, comedy, musical, western",438
"animation, children, comedy, mystery",205
"animation, children, comedy, mystery, western",9
"animation, children, comedy, romance",14033
"animation, children, comedy, sci-fi",42
"animation, children, comedy, thriller",33
"animation, children, comedy, western",12
"animation, children, drama",32014
"animation, children, drama, fantasy",9375
"animation, children, drama, fantasy, imax",988
"animation, children, drama, fantasy, musical",17940
"animation, children, drama, musical",9088
"animation, children, drama, musical, romance",24137
"animation, children, drama, sci-fi",10
"animation, children, fantasy",5590
"animation, children, fantasy, imax",3580
"animation, children, fantasy, musical",60479
"animation, children, fantasy, musical, romance",11951
"animation, children, fantasy, musical, romance, imax",35723
"animation, children, fantasy, mystery",1880
"animation, children, fantasy, romance",57
"animation, children, fantasy, sci-fi",30
"animation, children, fantasy, thriller",5
"animation, children, fantasy, war",3919
"animation, children, musical",13449
"animation, children, musical, imax",4112
"animation, children, musical, romance",18
"animation, children, mystery",61
"animation, children, romance",43
"animation, children, sci-fi",31
"animation, children, thriller",36
"animation, comedy",33830
"animation, comedy, crime",2
"animation, comedy, documentary",5
"animation, comedy, drama",522
"animation, comedy, drama, fantasy",446
"animation, comedy, drama, fantasy, romance",1
"animation, comedy, drama, fantasy, sci-fi",546
"animation, comedy, drama, musical",71
"animation, comedy, drama, romance",46
"animation, comedy, drama, romance, sci-fi",1896
"animation, comedy, fantasy",6600
"animation, comedy, fantasy, musical",2109
"animation, comedy, fantasy, musical, romance",7577
"animation, comedy, fantasy, romance",2
"animation, comedy, fantasy, sci-fi",189
"animation, comedy, horror",15
"animation, comedy, horror, imax",890
"animation, comedy, horror, musical",119
"animation, comedy, horror, sci-fi",17
"animation, comedy, musical",19557
"animation, comedy, musical, romance",18
"animation, comedy, mystery",87
"animation, comedy, romance",2665
"animation, comedy, romance, sci-fi",4
"animation, comedy, sci-fi",785
"animation, comedy, sci-fi, war",4
"animation, comedy, thriller",13
"animation, comedy, war",425
"animation, comedy, western",8
"animation, crime, documentary",4
"animation, crime, documentary, drama",3
"animation, crime, drama",387
"animation, crime, drama, fantasy, thriller",51
"animation, crime, drama, horror, mystery",157
"animation, crime, fantasy, mystery, sci-fi",2
"animation, crime, mystery",99
"animation, crime, mystery, sci-fi, thriller",52
"animation, crime, mystery, thriller",4
"animation, crime, sci-fi",10
"animation, crime, thriller",5
"animation, crime, war",20
"animation, documentary",613
"animation, documentary, drama",23
"animation, documentary, drama, fantasy",29
"animation, documentary, drama, war",1570
"animation, documentary, sci-fi",1
"animation, documentary, war",14
"animation, drama",5345
"animation, drama, fantasy",4934
"animation, drama, fantasy, mystery",60
"animation, drama, fantasy, romance",1620
"animation, drama, fantasy, sci-fi",7
"animation, drama, horror",44
"animation, drama, horror, thriller",10
"animation, drama, musical",9
"animation, drama, mystery",14
"animation, drama, mystery, sci-fi, thriller",4612
"animation, drama, mystery, thriller",3
"animation, drama, romance",4801
"animation, drama, romance, sci-fi",82
"animation, drama, romance, sci-fi, war",150
"animation, drama, sci-fi",87
"animation, drama, sci-fi, imax",260
"animation, drama, sci-fi, war",284
"animation, drama, thriller",11
"animation, drama, war",5078
"animation, drama, western",28
"animation, fantasy",3131
"animation, fantasy, horror",290
"animation, fantasy, horror, mystery",45
"animation, fantasy, horror, sci-fi",1671
"animation, fantasy, horror, thriller",1
"animation, fantasy, musical",4
"animation, fantasy, musical, imax",1068
"animation, fantasy, musical, sci-fi",48
"animation, fantasy, mystery",330
"animation, fantasy, mystery, thriller",68
"animation, fantasy, romance",2
"animation, fantasy, sci-fi",101
"animation, fantasy, sci-fi, war",196
"animation, fantasy, thriller",7210
"animation, horror",284
"animation, horror, imax",18
"animation, horror, mystery",29
"animation, horror, mystery, sci-fi",6
"animation, horror, mystery, thriller",1722
"animation, horror, sci-fi",8
"animation, musical",7470
"animation, musical, romance",74
"animation, mystery",34
"animation, mystery, sci-fi",2523
"animation, mystery, thriller",44
"animation, romance",593
"animation, romance, sci-fi",64
"animation, sci-fi",12797
"animation, sci-fi, imax",2443
"animation, sci-fi, thriller",21
"animation, thriller",24
"animation, war",225
"animation, western",6
children,2281
"children, comedy",135968
"children, comedy, crime",399
"children, comedy, crime, drama",19
"children, comedy, crime, drama, fantasy",1032
"children, comedy, crime, fantasy",1
"children, comedy, crime, musical",310
"children, comedy, crime, mystery",16
"children, comedy, documentary",1
"children, comedy, drama",13926
"children, comedy, drama, fantasy",712
"children, comedy, drama, fantasy, romance, sci-fi",1
"children, comedy, drama, fantasy, sci-fi",9
"children, comedy, drama, musical",162
"children, comedy, drama, musical, romance",1168
"children, comedy, drama, mystery",127
"children, comedy, drama, romance",25
"children, comedy, drama, sci-fi",7
"children, comedy, drama, thriller",9
"children, comedy, drama, western",2
"children, comedy, fantasy",82164
"children, comedy, fantasy, horror",3714
"children, comedy, fantasy, musical",44724
"children, comedy, fantasy, musical, romance",24
"children, comedy, fantasy, mystery",2
"children, comedy, fantasy, mystery, sci-fi",3
"children, comedy, fantasy, romance",2828
"children, comedy, fantasy, sci-fi",1884
"children, comedy, horror",38
"children, comedy, horror, thriller",6
"children, comedy, musical",7326
"children, comedy, musical, romance",1009
"children, comedy, mystery",1922
"children, comedy, romance",16692
"children, comedy, romance, sci-fi",768
"children, comedy, sci-fi",5813
"children, comedy, thriller",2
"children, comedy, western",2486
"children, crime, documentary",8
"children, crime, drama",63
"children, crime, drama, thriller",11
"children, documentary",615
"children, documentary, drama",12
"children, documentary, drama, romance",5
"children, documentary, fantasy, sci-fi",2
"children, documentary, imax",3
"children, drama",55487
"children, drama, fantasy",16108
"children, drama, fantasy, horror, mystery, thriller",11
"children, drama, fantasy, musical",2
"children, drama, fantasy, musical, romance",38
"children, drama, fantasy, mystery",3775
"children, drama, fantasy, mystery, thriller",1298
"children, drama, fantasy, romance",16646
"children, drama, fantasy, romance, sci-fi",5
"children, drama, fantasy, sci-fi",73
"children, drama, horror",13
"children, drama, musical",433
"children, drama, mystery",4224
"children, drama, mystery, thriller",9
"children, drama, romance",203
"children, drama, romance, western",7
"children, drama, sci-fi",34692
"children, drama, sci-fi, thriller",6
"children, drama, thriller",39
"children, drama, war",1141
"children, drama, western",3
"children, fantasy",3038
"children, fantasy, horror",5
"children, fantasy, horror, mystery, sci-fi, thriller",155
"children, fantasy, horror, romance",5
"children, fantasy, horror, sci-fi",11
"children, fantasy, horror, thriller",12
"children, fantasy, musical",1478
"children, fantasy, musical, romance",183
"children, fantasy, mystery",8
"children, fantasy, romance",11
"children, fantasy, sci-fi",202
"children, horror",20
"children, horror, mystery",2
"children, horror, mystery, thriller",228
"children, horror, sci-fi",12
"children, horror, sci-fi, thriller",3
"children, musical",3810
"children, musical, romance",77
"children, musical, sci-fi",33
"children, mystery",102
"children, mystery, sci-fi",23
"children, mystery, thriller",2
"children, romance",164
"children, sci-fi",3191
"children, thriller",6
"children, war",6
"children, western",102
comedy,1512682
"comedy, crime",259513
"comedy, crime, documentary",1
"comedy, crime, drama",96895
"comedy, crime, drama, fantasy",453
"comedy, crime, drama, fantasy, horror",9
"comedy, crime, drama, fantasy, mystery, thriller",1
"comedy, crime, drama, film-noir, musical",234
"comedy, crime, drama, film-noir, thriller",22
"comedy, crime, drama, horror",96
"comedy, crime, drama, horror, mystery",168
"comedy, crime, drama, horror, mystery, romance, thriller",19
"comedy, crime, drama, horror, mystery, thriller",9
"comedy, crime, drama, horror, thriller",8
"comedy, crime, drama, musical",10240
"comedy, crime, drama, musical, mystery, romance",177
"comedy, crime, drama, musical, romance",8
"comedy, crime, drama, mystery",1429
"comedy, crime, drama, mystery, romance",2624
"comedy, crime, drama, mystery, thriller",3117
"comedy, crime, drama, romance",4691
"comedy, crime, drama, romance, thriller",12063
"comedy, crime, drama, romance, western",1
"comedy, crime, drama, sci-fi, thriller",23
"comedy, crime, drama, thriller",146913
"comedy, crime, drama, war",712
"comedy, crime, drama, western",94
"comedy, crime, fantasy",164
"comedy, crime, film-noir",13
"comedy, crime, film-noir, mystery, romance, thriller",12
"comedy, crime, horror",5583
"comedy, crime, horror, mystery, thriller",184
"comedy, crime, horror, sci-fi, thriller",1
"comedy, crime, horror, thriller",99
"comedy, crime, musical",1341
"comedy, crime, musical, mystery",881
"comedy, crime, mystery",12756
"comedy, crime, mystery, romance",1005
"comedy, crime, mystery, romance, thriller",4267
"comedy, crime, mystery, thriller",14381
"comedy, crime, romance",21630
"comedy, crime, romance, thriller",1047
"comedy, crime, romance, western",2
"comedy, crime, sci-fi",15
"comedy, crime, thriller",73886
"comedy, crime, western",51
"comedy, documentary",21214
"comedy, documentary, drama",11757
"comedy, documentary, drama, mystery",3
"comedy, documentary, drama, romance",167
"comedy, documentary, horror",1
"comedy, documentary, musical",347
"comedy, documentary, romance",143
"comedy, drama",721432
"comedy, drama, fantasy",62763
"comedy, drama, fantasy, horror",89
"comedy, drama, fantasy, horror, thriller",40
"comedy, drama, fantasy, musical",135
"comedy, drama, fantasy, musical, romance",286
"comedy, drama, fantasy, mystery",1026
"comedy, drama, fantasy, mystery, romance",428
"comedy, drama, fantasy, mystery, sci-fi, thriller",26
"comedy, drama, fantasy, romance",69174
"comedy, drama, fantasy, romance, sci-fi",3
"comedy, drama, fantasy, romance, thriller",28517
"comedy, drama, fantasy, sci-fi",1590
"comedy, drama, fantasy, thriller",5
"comedy, drama, fantasy, war",2
"comedy, drama, film-noir",2763
"comedy, drama, film-noir, romance",16
"comedy, drama, horror",1527
"comedy, drama, horror, mystery",7
"comedy, drama, horror, romance",8
"comedy, drama, horror, romance, thriller",23
"comedy, drama, horror, sci-fi",73
"comedy, drama, horror, sci-fi, thriller",1645
"comedy, drama, horror, thriller",85
"comedy, drama, musical",19963
"comedy, drama, musical, imax",340
"comedy, drama, musical, mystery",220
"comedy, drama, musical, romance",15059
"comedy, drama, musical, romance, war",134
"comedy, drama, musical, sci-fi",4322
"comedy, drama, mystery",7901
"comedy, drama, mystery, romance",1065
"comedy, drama, mystery, romance, thriller",23
"comedy, drama, mystery, sci-fi",64
"comedy, drama, mystery, sci-fi, thriller",333
"comedy, drama, mystery, thriller",788
"comedy, drama, romance",715769
"comedy, drama, romance, sci-fi",726
"comedy, drama, romance, thriller",2108
"comedy, drama, romance, war",106136
"comedy, drama, romance, western",327
"comedy, drama, sci-fi",36176
"comedy, drama, sci-fi, thriller",484
"comedy, drama, sci-fi, war",676
"comedy, drama, thriller",20427
"comedy, drama, war",39727
"comedy, drama, war, western",2
"comedy, drama, western",1121
"comedy, fantasy",73766
"comedy, fantasy, horror",6587
"comedy, fantasy, horror, musical, thriller",388
"comedy, fantasy, horror, mystery",12
"comedy, fantasy, horror, romance",12
"comedy, fantasy, horror, romance, sci-fi",2
"comedy, fantasy, horror, sci-fi",72
"comedy, fantasy, horror, sci-fi, thriller",13
"comedy, fantasy, horror, thriller",4984
"comedy, fantasy, musical",1852
"comedy, fantasy, musical, romance",223
"comedy, fantasy, mystery",1340
"comedy, fantasy, mystery, romance",30
"comedy, fantasy, mystery, sci-fi",108
"comedy, fantasy, mystery, sci-fi, thriller",6
"comedy, fantasy, romance",87375
"comedy, fantasy, romance, sci-fi",19203
"comedy, fantasy, romance, thriller",5
"comedy, fantasy, sci-fi",16675
"comedy, fantasy, thriller",2549
"comedy, film-noir, thriller",34
"comedy, horror",108366
"comedy, horror, imax",1734
"comedy, horror, musical",8764
"comedy, horror, musical, mystery, romance",7
"comedy, horror, musical, sci-fi",13431
"comedy, horror, musical, western",167
"comedy, horror, mystery",341
"comedy, horror, mystery, romance",1
"comedy, horror, mystery, sci-fi",196
"comedy, horror, mystery, sci-fi, western",1
"comedy, horror, mystery, thriller",31431
"comedy, horror, romance",4368
"comedy, horror, romance, sci-fi",2
"comedy, horror, romance, thriller",2393
"comedy, horror, sci-fi",15043
"comedy, horror, sci-fi, thriller",8160
"comedy, horror, thriller",28816
"comedy, horror, western",2
"comedy, musical",43858
"comedy, musical, mystery, thriller",8
"comedy, musical, romance",60354
"comedy, musical, romance, war",11
"comedy, musical, romance, western",964
"comedy, musical, sci-fi",1730
"comedy, musical, war",5562
"comedy, musical, western",804
"comedy, mystery",8405
"comedy, mystery, romance",836
"comedy, mystery, romance, thriller",12
"comedy, mystery, romance, western",3
"comedy, mystery, sci-fi",146
"comedy, mystery, thriller",10609
"comedy, romance",902051
"comedy, romance, sci-fi",4707
"comedy, romance, sci-fi, thriller",608
"comedy, romance, thriller",12094
"comedy, romance, thriller, western",33
"comedy, romance, war",213
"comedy, romance, western",183
"comedy, sci-fi",98985
"comedy, sci-fi, thriller",924
"comedy, sci-fi, thriller, western",1
"comedy, sci-fi, war",18
"comedy, thriller",26789
"comedy, war",50169
"comedy, war, western",710
"comedy, western",32572
crime,6927
"crime, documentary",1665
"crime, documentary, drama",165
"crime, documentary, drama, war",93
"crime, documentary, mystery",37
"crime, documentary, war",547
"crime, drama",594888
"crime, drama, fantasy",63
"crime, drama, fantasy, film-noir, mystery, romance",4630
"crime, drama, fantasy, horror, thriller",1215
"crime, drama, fantasy, mystery, thriller",326
"crime, drama, fantasy, romance, thriller",46
"crime, drama, fantasy, thriller",3805
"crime, drama, film-noir",21116
"crime, drama, film-noir, mystery",3056
"crime, drama, film-noir, mystery, romance",54
"crime, drama, film-noir, mystery, thriller",12551
"crime, drama, film-noir, romance",55
"crime, drama, film-noir, romance, thriller",444
"crime, drama, film-noir, thriller",27291
"crime, drama, horror",1695
"crime, drama, horror, musical",11
"crime, drama, horror, mystery",60
"crime, drama, horror, mystery, romance",1
"crime, drama, horror, mystery, sci-fi, thriller",1
"crime, drama, horror, mystery, thriller",9708
"crime, drama, horror, romance",1
"crime, drama, horror, sci-fi",22
"crime, drama, horror, thriller",2790
"crime, drama, musical",293
"crime, drama, musical, romance",50
"crime, drama, musical, thriller",529
"crime, drama, mystery",50520
"crime, drama, mystery, romance",118
"crime, drama, mystery, romance, thriller",17882
"crime, drama, mystery, sci-fi",19
"crime, drama, mystery, sci-fi, thriller",3
"crime, drama, mystery, thriller",86230
"crime, drama, mystery, thriller, war",657
"crime, drama, romance",42416
"crime, drama, romance, thriller",19034
"crime, drama, romance, war",2774
"crime, drama, sci-fi",2
"crime, drama, sci-fi, thriller",32738
"crime, drama, thriller",286819
"crime, drama, thriller, war",587
"crime, drama, thriller, western",261
"crime, drama, war",1230
"crime, drama, western",7607
"crime, fantasy",3
"crime, fantasy, horror",1732
"crime, fantasy, horror, thriller",9
"crime, fantasy, mystery",4
"crime, film-noir",9334
"crime, film-noir, horror, romance, thriller",25
"crime, film-noir, mystery",8548
"crime, film-noir, mystery, romance",38
"crime, film-noir, mystery, romance, thriller",32
"crime, film-noir, mystery, thriller",50772
"crime, film-noir, romance",112
"crime, film-noir, thriller",11927
"crime, horror",23353
"crime, horror, mystery",827
"crime, horror, mystery, romance, thriller",4
"crime, horror, mystery, sci-fi",62
"crime, horror, mystery, sci-fi, thriller",85
"crime, horror, mystery, thriller",27530
"crime, horror, romance",14
"crime, horror, sci-fi",75
"crime, horror, thriller",90795
"crime, musical",560
"crime, mystery",2876
"crime, mystery, romance",4
"crime, mystery, romance, thriller",5128
"crime, mystery, sci-fi",127
"crime, mystery, sci-fi, thriller",207
"crime, mystery, thriller",132624
"crime, mystery, war",79
"crime, romance",250
"crime, romance, thriller",2449
"crime, sci-fi",121
"crime, sci-fi, thriller",5278
"crime, thriller",114422
"crime, thriller, war",8851
"crime, thriller, western",31
"crime, western",190
documentary,234981
"documentary, drama",9439
"documentary, drama, horror",3
"documentary, drama, musical",201
"documentary, drama, mystery",8
"documentary, drama, romance",75
"documentary, drama, sci-fi",63
"documentary, drama, thriller",56
"documentary, drama, war",241
"documentary, fantasy",214
"documentary, horror",1615
"documentary, horror, mystery",8
"documentary, horror, thriller",24
"documentary, horror, war",15
"documentary, imax",3106
"documentary, musical",12831
"documentary, musical, imax",485
"documentary, musical, war",15
"documentary, mystery",1050
"documentary, mystery, romance, sci-fi",5
"documentary, romance",27
"documentary, romance, war",9
"documentary, sci-fi",638
"documentary, thriller",133
"documentary, war",8331
"documentary, western",24
drama,1765705
"drama, fantasy",18418
"drama, fantasy, horror",3699
"drama, fantasy, horror, mystery",93
"drama, fantasy, horror, mystery, romance",34
"drama, fantasy, horror, mystery, thriller",3097
"drama, fantasy, horror, romance",5699
"drama, fantasy, horror, romance, thriller",2842
"drama, fantasy, horror, sci-fi",53
"drama, fantasy, horror, sci-fi, thriller",133
"drama, fantasy, horror, thriller",17987
"drama, fantasy, horror, thriller, war",1661
"drama, fantasy, musical",2417
"drama, fantasy, musical, mystery, sci-fi",636
"drama, fantasy, musical, romance",3018
"drama, fantasy, mystery",4096
"drama, fantasy, mystery, romance",25728
"drama, fantasy, mystery, romance, sci-fi",18
"drama, fantasy, mystery, romance, thriller",826
"drama, fantasy, mystery, sci-fi",9953
"drama, fantasy, mystery, thriller",1073
"drama, fantasy, romance",84646
"drama, fantasy, romance, sci-fi",4567
"drama, fantasy, romance, thriller",6435
"drama, fantasy, romance, war",13
"drama, fantasy, sci-fi",1590
"drama, fantasy, sci-fi, thriller",362
"drama, fantasy, thriller",22293
"drama, fantasy, thriller, war",118
"drama, fantasy, war",574
"drama, film-noir",4853
"drama, film-noir, horror, mystery",96
"drama, film-noir, musical",9
"drama, film-noir, musical, thriller",11
"drama, film-noir, mystery",1116
"drama, film-noir, mystery, romance",1595
"drama, film-noir, mystery, romance, sci-fi",4
"drama, film-noir, mystery, thriller",1030
"drama, film-noir, romance",9116
"drama, film-noir, romance, thriller",29
"drama, film-noir, thriller",6813
"drama, film-noir, war",26
"drama, horror",47595
"drama, horror, musical",118
"drama, horror, musical, thriller",6639
"drama, horror, mystery",56620
"drama, horror, mystery, romance",9
"drama, horror, mystery, romance, thriller",1687
"drama, horror, mystery, sci-fi",116
"drama, horror, mystery, sci-fi, thriller",2447
"drama, horror, mystery, thriller",38691
"drama, horror, mystery, thriller, war",30
"drama, horror, romance",1354
"drama, horror, romance, sci-fi, thriller",8
"drama, horror, romance, thriller",5612
"drama, horror, sci-fi",17489
"drama, horror, sci-fi, thriller",13709
"drama, horror, sci-fi, war",3
"drama, horror, thriller",85296
"drama, horror, thriller, war",90
"drama, horror, war",337
"drama, horror, western",3
"drama, imax",40
"drama, musical",50246
"drama, musical, mystery",489
"drama, musical, romance",63408
"drama, musical, romance, imax",2243
"drama, musical, romance, sci-fi",17
"drama, musical, romance, war",117
"drama, musical, thriller",130
"drama, musical, war",11
"drama, mystery",78900
"drama, mystery, romance",9957
"drama, mystery, romance, sci-fi",5
"drama, mystery, romance, sci-fi, thriller",1181
"drama, mystery, romance, thriller",39669
"drama, mystery, romance, war",2117
"drama, mystery, sci-fi",7067
"drama, mystery, sci-fi, thriller",72353
"drama, mystery, thriller",182891
"drama, mystery, thriller, war",73
"drama, mystery, war",1559
"drama, mystery, western",10447
"drama, romance",796335
"drama, romance, sci-fi",60902
"drama, romance, sci-fi, thriller",2765
"drama, romance, thriller",43061
"drama, romance, thriller, war",854
"drama, romance, war",60290
"drama, romance, war, western",15840
"drama, romance, western",6155
"drama, sci-fi",84432
"drama, sci-fi, imax",7982
"drama, sci-fi, thriller",92753
"drama, sci-fi, thriller, imax",2080
"drama, sci-fi, war",4
"drama, sci-fi, western",62
"drama, thriller",365955
"drama, thriller, war",53214
"drama, thriller, western",878
"drama, war",283562
"drama, war, western",739
"drama, western",42453
fantasy,8066
"fantasy, horror",6252
"fantasy, horror, musical",363
"fantasy, horror, mystery",2659
"fantasy, horror, mystery, romance",14669
"fantasy, horror, mystery, thriller",5463
"fantasy, horror, romance",29
"fantasy, horror, romance, sci-fi",1
"fantasy, horror, romance, thriller",9802
"fantasy, horror, sci-fi",86
"fantasy, horror, sci-fi, thriller",3427
"fantasy, horror, sci-fi, western",610
"fantasy, horror, thriller",13189
"fantasy, horror, war",5
"fantasy, horror, western",3
"fantasy, imax",42
"fantasy, musical",212
"fantasy, musical, romance",909
"fantasy, mystery",4
"fantasy, mystery, romance",2
"fantasy, mystery, romance, thriller",207
"fantasy, mystery, sci-fi",68
"fantasy, mystery, sci-fi, thriller",21
"fantasy, mystery, sci-fi, war",69
"fantasy, mystery, thriller",690
"fantasy, mystery, western",85
"fantasy, romance",2003
"fantasy, romance, sci-fi",48
"fantasy, romance, thriller",188
"fantasy, romance, thriller, imax",2857
"fantasy, sci-fi",16253
"fantasy, sci-fi, thriller",23
"fantasy, thriller",224
"fantasy, western",549
film-noir,3174
"film-noir, horror",49
"film-noir, horror, mystery, thriller",2817
"film-noir, horror, thriller",86
"film-noir, mystery",12335
"film-noir, mystery, romance, thriller",6
"film-noir, mystery, thriller",9205
"film-noir, romance, thriller",5062
"film-noir, thriller",973
"film-noir, thriller, war",47
horror,186534
"horror, imax",1208
"horror, musical",74
"horror, musical, thriller",522
"horror, mystery",27546
"horror, mystery, romance",101
"horror, mystery, romance, sci-fi",19
"horror, mystery, romance, thriller",3
"horror, mystery, sci-fi",4643
"horror, mystery, sci-fi, thriller",12656
"horror, mystery, thriller",75777
"horror, mystery, thriller, western",3
"horror, mystery, western",9
"horror, romance",2043
"horror, romance, sci-fi",419
"horror, romance, sci-fi, thriller",8
"horror, romance, thriller",709
"horror, sci-fi",91285
"horror, sci-fi, thriller",90572
"horror, sci-fi, thriller, war",49
"horror, sci-fi, western",12
"horror, thriller",174353
"horror, thriller, imax",644
"horror, thriller, war",31
"horror, thriller, western",130
"horror, war",57
"horror, western",3549
imax,27
musical,9737
"musical, romance",19563
"musical, romance, war",1922
"musical, romance, western",643
"musical, sci-fi",155
"musical, war",14
"musical, western",396
mystery,3983
"mystery, romance",17
"mystery, romance, sci-fi",295
"mystery, romance, sci-fi, thriller",10922
"mystery, romance, thriller",6496
"mystery, romance, western",16
"mystery, sci-fi",2102
"mystery, sci-fi, thriller",69124
"mystery, sci-fi, thriller, imax",4642
"mystery, thriller",152870
"mystery, thriller, war",8
"mystery, thriller, western",98
"mystery, western",64
romance,17256
"romance, sci-fi",2863
"romance, sci-fi, thriller",5601
"romance, thriller",5000
"romance, war",1419
"romance, western",1745
sci-fi,40031
"sci-fi, imax",22634
"sci-fi, thriller",36081
"sci-fi, thriller, imax",2393
"sci-fi, thriller, war",5
"sci-fi, thriller, western",9
"sci-fi, war",36
"sci-fi, western",90
thriller,178943
"thriller, war",316
"thriller, western",121
war,4190
"war, western",49
western,45049
