genre,avg_rating,total_ratings
"action, adventure, mystery, romance, thriller",4.2,16850
"film-noir, romance, thriller",4.16,5062
"action, crime, drama, mystery, sci-fi, thriller, imax",4.16,38895
"action, adventure, crime, drama, thriller",4.15,20444
"film-noir, mystery",4.15,12335
"adventure, animation, fantasy",4.15,24132
"action, crime, drama, imax",4.15,42189
"animation, children, drama, fantasy",4.15,9375
"crime, film-noir, mystery",4.12,8548
"action, adventure, comedy, fantasy, romance",4.12,38096
"action, adventure, western",4.11,18899
"action, adventure, animation, drama, fantasy",4.11,13760
"comedy, crime, drama, thriller",4.1,146913
"crime, thriller, war",4.1,8851
"animation, comedy, romance",4.1,2665
"sci-fi, imax",4.1,22634
"adventure, animation, fantasy, romance",4.09,10592
"animation, drama, fantasy, romance",4.09,1620
"crime, film-noir, thriller",4.09,11927
"film-noir, mystery, thriller",4.09,9205
"animation, drama, war",4.08,5078
"comedy, musical, war",4.08,5562
"adventure, animation, drama, fantasy, sci-fi",4.08,5479
"comedy, drama, romance, war",4.07,106136
"drama, film-noir, romance",4.07,9116
"action, adventure, animation, children, fantasy, sci-fi",4.06,5468
"adventure, comedy, romance, war",4.05,10881
"comedy, crime, mystery, romance, thriller",4.05,4267
"crime, film-noir, mystery, thriller",4.04,50772
"crime, horror",4.04,23353
"adventure, drama, romance, thriller, war",4.01,1011
"action, drama, mystery, romance, thriller",4.01,2422
"comedy, drama, film-noir",4.01,2763
"crime, mystery, thriller",4.01,132624
"adventure, animation, children, romance, sci-fi",4.0,27374
"drama, mystery, western",3.99,10447
"action, adventure, drama, fantasy",3.99,55169
"crime, drama",3.99,594888
"children, drama, fantasy, romance",3.98,16646
"action, adventure, horror, sci-fi",3.98,32149
"action, adventure, crime, imax",3.97,19912
"adventure, animation, drama",3.97,1831
"mystery, thriller",3.97,152870
"animation, children, comedy, crime",3.96,24931
"adventure, animation, children, comedy, sci-fi",3.96,8361
"fantasy, sci-fi",3.96,16253
"drama, war",3.96,283562
"comedy, drama, musical, sci-fi",3.95,4322
"crime, mystery, romance, thriller",3.94,5128
"adventure, drama, fantasy, mystery, sci-fi",3.94,8305
"crime, documentary, war",3.94,547
"animation, comedy, drama, romance, sci-fi",3.94,1896
"comedy, mystery, thriller",3.94,10609
"adventure, children, fantasy, musical",3.93,24994
"adventure, animation, children, comedy, drama, fantasy",3.93,13605
"action, crime, imax",3.93,30684
"crime, drama, film-noir, thriller",3.93,27291
"adventure, comedy, drama, fantasy, mystery, sci-fi, thriller",3.93,1002
"drama, mystery, sci-fi, thriller",3.93,72353
"crime, drama, sci-fi, thriller",3.92,32738
"adventure, fantasy",3.92,153729
"animation, children, comedy, drama, romance",3.92,597
"adventure, animation, comedy, fantasy, romance",3.91,2845
"crime, horror, thriller",3.91,90795
"action, drama, western",3.91,40902
"drama, western",3.91,42453
"drama, film-noir, mystery, romance",3.91,1595
"action, adventure, drama, fantasy, mystery, imax",3.91,13485
"action, animation, drama, fantasy, sci-fi",3.91,1008
"crime, drama, war",3.91,1230
"crime, fantasy, horror",3.91,1732
"drama, fantasy, horror, romance",3.9,5699
"drama, mystery, war",3.9,1559
"animation, drama, romance",3.9,4801
"animation, horror, mystery, thriller",3.9,1722
"animation, mystery, sci-fi",3.9,2523
"comedy, drama, fantasy, mystery",3.9,1026
"animation, documentary, drama, war",3.89,1570
"drama, fantasy, thriller",3.89,22293
"drama, horror, mystery",3.89,56620
"adventure, drama, war",3.89,41840
"action, adventure, animation, comedy, crime, mystery",3.88,1173
"action, adventure, drama, thriller, western",3.88,3983
"action, drama, thriller, western",3.88,6019
"action, drama, war",3.88,257972
"adventure, animation, children, drama, sci-fi",3.87,9855
"action, animation, sci-fi, thriller",3.87,3677
"adventure, documentary",3.87,3376
"adventure, animation, children, comedy, crime",3.87,6102
"crime, drama, film-noir",3.86,21116
"documentary, war",3.86,8331
"children, drama, fantasy, mystery",3.85,3775
"action, comedy, crime, mystery",3.85,14357
"action, adventure, animation, sci-fi",3.85,13890
"comedy, war",3.85,50169
"animation, comedy, drama, fantasy, sci-fi",3.85,546
"adventure, animation, children, drama, fantasy",3.85,7826
film-noir,3.85,3174
"adventure, drama, mystery, thriller",3.85,2442
"animation, drama",3.85,5345
"action, western",3.84,29209
"adventure, animation, children, drama",3.84,36682
"action, adventure, crime, drama, thriller, war",3.84,12257
"action, adventure, drama, western",3.84,7327
"drama, mystery",3.84,78900
"crime, drama, film-noir, mystery, thriller",3.84,12551
"comedy, drama, sci-fi",3.84,36176
"animation, drama, fantasy",3.84,4934
"mystery, sci-fi, thriller",3.84,69124
"adventure, fantasy, mystery, romance, imax",3.83,14175
"action, animation, comedy",3.83,11992
"animation, sci-fi",3.83,12797
"drama, romance, sci-fi, thriller",3.83,2765
"comedy, crime, thriller",3.82,73886
"adventure, animation, children, drama, musical, imax",3.82,42745
"drama, fantasy, romance, sci-fi",3.82,4567
"adventure, drama, imax",3.82,57751
"action, adventure, animation, children, comedy",3.81,43289
"adventure, western",3.81,8728
"action, drama, romance, western",3.81,1072
"adventure, film-noir, sci-fi, thriller",3.81,12170
"fantasy, western",3.81,549
"children, documentary",3.81,615
"drama, film-noir",3.81,4853
"drama, romance, sci-fi",3.81,60902
"adventure, comedy, fantasy, romance",3.81,6694
"drama, mystery, sci-fi",3.8,7067
"action, animation, drama, sci-fi, thriller",3.8,1684
"comedy, drama, war",3.8,39727
"comedy, crime, drama, mystery",3.79,1429
mystery,3.79,3983
"adventure, drama, thriller, imax",3.79,4744
"action, crime, mystery",3.79,1850
"action, drama, horror",3.78,3746
"action, crime, film-noir, mystery, thriller",3.78,22271
"adventure, comedy, fantasy",3.78,80607
"drama, mystery, romance, war",3.78,2117
"action, crime, drama, thriller, war",3.77,9575
"adventure, drama, fantasy, imax",3.77,14346
"drama, thriller, war",3.77,53214
"mystery, romance, thriller",3.77,6496
"drama, film-noir, mystery, thriller",3.77,1030
"animation, romance",3.77,593
"action, comedy, fantasy, horror",3.77,8377
"adventure, fantasy, thriller, imax",3.77,18848
"animation, comedy, fantasy, musical",3.76,2109
documentary,3.76,234981
"comedy, crime, drama",3.76,96895
"action, comedy, fantasy, musical, romance",3.76,9367
"adventure, comedy, drama",3.75,43186
"crime, drama, western",3.75,7607
"crime, drama, film-noir, mystery",3.75,3056
"action, crime, drama, thriller",3.75,260088
"animation, comedy, drama",3.75,522
"crime, documentary",3.74,1665
"drama, fantasy, musical",3.74,2417
"children, drama, war",3.74,1141
"drama, film-noir, thriller",3.74,6813
"action, mystery, thriller",3.74,40738
"crime, drama, mystery, thriller, war",3.74,657
"drama, mystery, romance, thriller",3.74,39669
"action, adventure, drama",3.74,123505
"adventure, animation, children, comedy, fantasy",3.74,151541
"adventure, animation, children, comedy, fantasy, romance",3.74,42945
"children, drama, sci-fi",3.73,34692
"crime, drama, thriller",3.73,286819
"action, adventure, comedy, crime, mystery, thriller",3.73,8792
"action, adventure, comedy, fantasy, horror",3.73,12458
"animation, children, comedy, fantasy, musical, romance, imax",3.73,7695
"adventure, animation, children, fantasy, imax",3.73,19255
"adventure, comedy, crime, romance",3.73,5388
"action, crime, drama, western",3.73,6670
"adventure, animation, children, comedy, drama, musical, romance",3.73,11107
"drama, fantasy, romance",3.73,84646
"drama, fantasy, horror, thriller, war",3.73,1661
"action, comedy, horror, sci-fi, thriller",3.72,1072
"action, adventure, comedy, drama, romance, thriller",3.72,682
"crime, drama, romance",3.72,42416
"animation, fantasy, thriller",3.72,7210
"crime, drama, fantasy, film-noir, mystery, romance",3.72,4630
"adventure, comedy, crime",3.72,26869
"musical, romance",3.71,19563
"adventure, drama",3.71,91666
"documentary, musical",3.71,12831
"adventure, animation, children, comedy, fantasy, imax",3.71,17236
"action, drama, mystery, sci-fi, thriller, imax",3.71,11981
"adventure, drama, western",3.71,45051
"action, sci-fi, imax",3.71,27346
"action, romance, war, western",3.71,11948
"drama, romance, war",3.7,60290
"action, adventure",3.7,143289
"crime, drama, romance, war",3.7,2774
"children, comedy, fantasy, musical",3.7,44724
"crime, drama, mystery",3.7,50520
"crime, film-noir",3.69,9334
drama,3.69,1765705
"crime, drama, thriller, war",3.69,587
"drama, film-noir, mystery",3.69,1116
"documentary, sci-fi",3.69,638
"animation, children, drama",3.68,32014
"action, crime, horror, sci-fi, thriller",3.68,5327
"animation, children, fantasy, musical, romance, imax",3.68,35723
"adventure, drama, sci-fi",3.68,107422
"comedy, drama, sci-fi, war",3.67,676
"children, comedy, musical, romance",3.67,1009
"comedy, crime, drama, mystery, romance",3.67,2624
"animation, fantasy",3.67,3131
"drama, romance",3.67,796335
"crime, drama, horror",3.66,1695
"action, drama, thriller, war",3.66,20337
"animation, children, comedy, fantasy",3.66,3223
"action, adventure, animation",3.66,7652
"animation, fantasy, horror, sci-fi",3.66,1671
"documentary, imax",3.66,3106
"documentary, drama",3.65,9439
"drama, romance, thriller",3.65,43061
"action, comedy, crime, drama, sci-fi",3.65,11756
"adventure, animation, comedy",3.65,22418
"action, comedy, musical",3.65,23238
"adventure, animation, children, comedy, musical",3.65,58552
"comedy, crime, mystery, thriller",3.65,14381
"comedy, drama, mystery, romance",3.65,1065
"action, animation, sci-fi",3.65,2669
"action, adventure, thriller, imax",3.64,17746
"action, animation, drama, sci-fi",3.64,5452
"drama, romance, thriller, war",3.64,854
"adventure, fantasy, imax",3.64,49327
"drama, fantasy, mystery, romance",3.64,25728
"action, adventure, sci-fi, thriller, war",3.64,19785
"adventure, fantasy, musical",3.64,8800
"animation, children, fantasy, musical",3.64,60479
"drama, fantasy, musical, romance",3.64,3018
"action, adventure, drama, war",3.63,56327
"adventure, drama, sci-fi, thriller",3.63,4660
"adventure, children, drama, fantasy",3.63,1132
"drama, fantasy, musical, mystery, sci-fi",3.63,636
"comedy, drama, fantasy",3.63,62763
"comedy, drama, musical, romance",3.62,15059
"adventure, comedy, sci-fi",3.62,133010
war,3.62,4190
"action, crime, thriller, western",3.62,4224
"animation, drama, mystery, sci-fi, thriller",3.62,4612
"drama, horror, romance",3.62,1354
fantasy,3.61,8066
"drama, sci-fi, thriller",3.61,92753
"adventure, drama, thriller",3.61,31002
"action, drama, horror, thriller",3.61,13394
"action, sci-fi, thriller",3.61,313025
"action, animation, children, comedy, imax",3.61,11259
"comedy, drama, western",3.61,1121
"drama, mystery, thriller",3.61,182891
"action, comedy, crime, romance",3.61,8453
"action, adventure, animation, children, comedy, fantasy",3.6,7760
"adventure, drama, romance, war",3.6,869
"mystery, sci-fi",3.6,2102
"drama, sci-fi",3.6,84432
"drama, fantasy",3.6,18418
"action, adventure, comedy, drama, war",3.6,12067
"adventure, crime, drama",3.6,15561
"drama, thriller, western",3.6,878
western,3.59,45049
"children, drama, fantasy",3.59,16108
"action, crime, mystery, sci-fi, thriller",3.59,41630
"action, sci-fi, thriller, imax",3.59,49828
"comedy, drama, romance",3.59,715769
"drama, romance, western",3.58,6155
"action, drama, mystery, sci-fi, thriller",3.58,12095
"comedy, documentary",3.58,21214
"comedy, drama, mystery",3.58,7901
"children, comedy, crime, drama, fantasy",3.58,1032
"comedy, drama, thriller",3.58,20427
"animation, documentary",3.58,613
"crime, mystery",3.58,2876
"animation, children, drama, fantasy, musical",3.58,17940
"action, comedy, crime, horror",3.58,1364
"action, crime, drama, horror, thriller",3.58,2007
"adventure, animation, comedy, fantasy, musical",3.58,4106
"action, comedy, fantasy, sci-fi",3.58,1149
"action, adventure, animation, children",3.58,9269
"adventure, animation, comedy, sci-fi",3.57,858
"action, adventure, fantasy, sci-fi, imax",3.57,17611
"drama, horror, mystery, romance, thriller",3.57,1687
"animation, comedy, musical",3.57,19557
"romance, sci-fi, thriller",3.57,5601
"crime, drama, romance, thriller",3.57,19034
"film-noir, horror, mystery, thriller",3.57,2817
"action, fantasy, war, imax",3.57,18769
"action, crime, drama, mystery, thriller",3.57,29058
"children, drama",3.57,55487
"comedy, drama",3.57,721432
"adventure, mystery, sci-fi, thriller",3.56,2034
"crime, thriller",3.56,114422
"drama, mystery, romance, sci-fi, thriller",3.56,1181
"action, animation, children, comedy, sci-fi, imax",3.56,5339
"action, adventure, comedy, sci-fi",3.56,67162
"action, adventure, crime, horror, thriller",3.56,4524
"action, crime, mystery, romance, thriller",3.56,1355
"fantasy, horror, sci-fi, thriller",3.56,3427
"action, adventure, sci-fi",3.55,595361
"animation, comedy, fantasy, musical, romance",3.55,7577
"action, adventure, comedy, fantasy, sci-fi",3.55,1844
"action, drama, romance",3.55,49940
"action, adventure, fantasy, imax",3.55,27107
"drama, fantasy, mystery, sci-fi",3.55,9953
"action, crime, romance, thriller",3.55,14201
"adventure, animation, children, comedy",3.55,116942
"animation, children, fantasy",3.54,5590
"adventure, animation, children, comedy, crime, fantasy, mystery",3.54,21899
"crime, drama, mystery, romance, thriller",3.54,17882
"documentary, mystery",3.54,1050
"animation, children, fantasy, musical, romance",3.54,11951
"drama, mystery, romance",3.54,9957
"drama, musical",3.54,50246
"musical, romance, war",3.53,1922
"animation, children, comedy, musical",3.53,13609
"action, crime, drama",3.53,66802
"animation, children, comedy, musical, romance",3.53,15145
"drama, musical, romance",3.53,63408
"drama, musical, romance, imax",3.53,2243
"children, drama, mystery",3.53,4224
"action, comedy, horror",3.53,18980
"comedy, crime, drama, musical",3.53,10240
"animation, children, musical",3.53,13449
"action, crime, drama, war",3.53,7407
thriller,3.52,178943
"action, crime, thriller",3.52,379990
"fantasy, horror, mystery, romance",3.52,14669
"action, crime, fantasy, thriller",3.52,16226
"comedy, fantasy, romance",3.52,87375
"horror, mystery",3.52,27546
"film-noir, thriller",3.52,973
"comedy, crime, drama, romance",3.52,4691
"comedy, crime, mystery",3.52,12756
"comedy, musical, romance, western",3.52,964
"animation, children, musical, imax",3.52,4112
"comedy, drama, fantasy, romance",3.51,69174
"animation, children, comedy, imax",3.51,4695
"comedy, crime, drama, mystery, thriller",3.51,3117
"romance, sci-fi",3.51,2863
"action, mystery",3.51,11715
"action, drama, sci-fi",3.51,26664
"action, comedy, crime, drama",3.51,60800
"adventure, animation, romance",3.51,856
"children, comedy, musical",3.5,7326
"action, adventure, animation, fantasy",3.5,2386
"action, comedy, drama, thriller",3.5,1310
"action, drama, romance, thriller, war",3.5,587
"adventure, children, comedy, mystery",3.5,3514
"comedy, crime, romance",3.5,21630
"comedy, drama, horror, sci-fi, thriller",3.5,1645
"comedy, drama, romance, sci-fi",3.5,726
"comedy, war, western",3.5,710
"drama, romance, war, western",3.5,15840
"crime, drama, mystery, thriller",3.49,86230
"action, animation, children, crime",3.49,1875
"adventure, drama, horror, thriller",3.49,3106
"action, horror",3.49,30719
"animation, children, comedy, drama",3.49,555
animation,3.49,11620
"adventure, animation, comedy, fantasy, musical, romance",3.49,7220
"comedy, crime, drama, romance, thriller",3.49,12063
"action, crime, mystery, thriller",3.49,26098
"crime, drama, fantasy, thriller",3.49,3805
"adventure, animation, children, comedy, musical, romance",3.48,20198
"mystery, sci-fi, thriller, imax",3.48,4642
"horror, musical, thriller",3.48,522
"drama, thriller",3.48,365955
"action, comedy, crime, drama, horror, thriller",3.48,1208
"comedy, musical",3.48,43858
"comedy, drama, musical",3.48,19963
"comedy, crime, drama, war",3.48,712
"adventure, animation, children, comedy, fantasy, musical, romance",3.48,3859
"sci-fi, thriller, imax",3.47,2393
"comedy, documentary, drama",3.47,11757
"romance, western",3.47,1745
"animation, children, drama, musical",3.47,9088
"adventure, drama, romance, sci-fi",3.47,7152
"action, mystery, sci-fi, thriller",3.47,11546
"drama, sci-fi, imax",3.47,7982
"comedy, musical, romance",3.47,60354
"adventure, animation, children, drama, musical",3.47,4646
"action, animation, mystery, imax",3.46,2929
"adventure, animation, children, sci-fi, imax",3.46,2414
"action, adventure, sci-fi, imax",3.46,166640
"animation, children, comedy, romance",3.46,14033
"adventure, animation, children, crime, drama",3.46,3121
"musical, romance, western",3.46,643
"action, adventure, sci-fi, thriller",3.46,357723
"comedy, crime",3.46,259513
"adventure, children, comedy, musical",3.46,12362
"action, crime, drama, thriller, imax",3.46,2676
"adventure, drama, fantasy",3.45,9325
"drama, horror, musical, thriller",3.45,6639
"adventure, animation, children, sci-fi",3.45,9587
"fantasy, romance",3.45,2003
"animation, comedy",3.45,33830
"action, adventure, drama, sci-fi, thriller",3.45,50876
"comedy, horror, sci-fi, thriller",3.45,8160
"action, adventure, comedy, fantasy",3.45,71417
"horror, mystery, sci-fi, thriller",3.45,12656
"action, animation, fantasy, sci-fi",3.45,814
"animation, children, comedy",3.44,63558
"action, horror, sci-fi, thriller, imax",3.44,15885
"crime, horror, mystery, thriller",3.44,27530
"action, romance, western",3.44,14293
"action, adventure, comedy, crime, drama",3.44,563
"fantasy, horror, romance, thriller",3.44,9802
"adventure, animation, sci-fi",3.44,3431
"comedy, western",3.44,32572
"drama, horror",3.44,47595
"action, adventure, drama, thriller",3.44,24129
"action, adventure, animation, comedy",3.44,6565
"comedy, crime, musical, mystery",3.44,881
"comedy, crime, mystery, romance",3.43,1005
"drama, fantasy, mystery",3.43,4096
"crime, sci-fi, thriller",3.43,5278
"adventure, fantasy, romance",3.43,7226
"comedy, drama, fantasy, romance, thriller",3.43,28517
"action, drama, romance, war",3.43,37107
"action, adventure, drama, thriller, imax",3.43,3688
"animation, musical",3.43,7470
"adventure, animation, children, fantasy, musical",3.43,19678
"drama, horror, mystery, thriller",3.42,38691
"action, crime, drama, mystery, sci-fi, thriller",3.42,8646
"action, adventure, comedy, romance, thriller",3.42,46138
"action, adventure, mystery, thriller",3.41,39608
"children, drama, fantasy, mystery, thriller",3.41,1298
sci-fi,3.41,40031
"action, romance",3.41,21643
"action, comedy, sci-fi",3.41,123448
"fantasy, horror, thriller",3.4,13189
"adventure, animation, children",3.4,24842
"action, sci-fi, thriller, western",3.4,4244
"action, adventure, children, comedy, fantasy",3.4,15872
"mystery, romance, sci-fi, thriller",3.4,10922
"adventure, comedy, fantasy, sci-fi",3.4,11955
"animation, comedy, fantasy",3.39,6600
"action, adventure, romance",3.39,8031
"adventure, fantasy, sci-fi",3.38,892
"adventure, children, romance",3.38,7030
"adventure, children, sci-fi",3.38,8449
"adventure, animation, children, fantasy",3.38,22485
"action, comedy, sci-fi, imax",3.38,5248
"comedy, fantasy",3.38,73766
"action, adventure, thriller",3.37,344500
"action, adventure, drama, mystery, thriller",3.37,9739
"drama, horror, sci-fi",3.37,17489
"action, adventure, animation, horror, sci-fi",3.37,7289
"action, adventure, children, sci-fi",3.37,1521
"adventure, comedy, sci-fi, thriller",3.37,3969
"action, adventure, drama, fantasy, imax",3.37,9535
"comedy, romance",3.37,902051
"action, adventure, children, fantasy, mystery, thriller",3.37,2458
"action, drama, thriller",3.36,116146
"action, adventure, children, imax",3.36,3455
"action, adventure, animation, children, comedy, imax",3.36,5465
"action, fantasy, horror",3.36,10998
"crime, romance, thriller",3.36,2449
"comedy, horror, musical, sci-fi",3.35,13431
"action, fantasy, horror, mystery, sci-fi, thriller",3.35,1409
"adventure, children, fantasy",3.34,103509
"adventure, comedy, sci-fi, western",3.34,21883
"action, adventure, animation, children, comedy, western",3.34,3704
"drama, fantasy, sci-fi",3.34,1590
"action, crime",3.34,95785
"animation, children, fantasy, imax",3.34,3580
"action, sci-fi",3.33,156112
"action, drama, war, western",3.33,591
"adventure, comedy, drama, romance",3.33,595
(no genres listed),3.33,26627
"action, comedy, romance, war",3.33,4013
"horror, romance, thriller",3.33,709
"action, mystery, sci-fi",3.32,15075
"action, adventure, war",3.32,2581
musical,3.32,9737
"fantasy, horror, mystery",3.32,2659
"drama, fantasy, war",3.32,574
"drama, horror, sci-fi, thriller",3.32,13709
"action, romance, thriller",3.31,46722
"horror, sci-fi",3.31,91285
"crime, horror, mystery",3.31,827
"action, horror, sci-fi, imax",3.31,8742
"comedy, horror, thriller",3.31,28816
"adventure, comedy, musical",3.3,10093
"adventure, comedy, thriller",3.3,1755
"comedy, horror, musical",3.3,8764
"action, adventure, crime",3.3,3860
"comedy, drama, romance, thriller",3.3,2108
"action, adventure, animation, children, comedy, romance",3.29,2936
"comedy, fantasy, mystery",3.29,1340
"action, adventure, comedy, romance",3.29,45537
"drama, fantasy, horror",3.29,3699
"children, comedy, drama",3.29,13926
crime,3.29,6927
"comedy, romance, sci-fi",3.29,4707
"adventure, children, drama, fantasy, imax",3.29,3244
"crime, drama, horror, mystery, thriller",3.29,9708
"comedy, sci-fi, thriller",3.29,924
"action, drama, sci-fi, thriller",3.28,47989
"drama, fantasy, horror, thriller",3.28,17987
"action, adventure, comedy, western",3.28,9602
"children, fantasy",3.28,3038
"action, adventure, fantasy, romance",3.28,1736
"action, drama, horror, imax",3.28,6144
"drama, horror, thriller",3.28,85296
"comedy, fantasy, horror",3.28,6587
"animation, comedy, horror, imax",3.28,890
"action, thriller",3.27,159909
"action, drama, sci-fi, imax",3.27,7752
"comedy, drama, mystery, thriller",3.27,788
"action, adventure, animation, children, sci-fi",3.27,5890
"romance, war",3.27,1419
"action, adventure, fantasy",3.26,137375
"action, comedy, western",3.26,7070
"horror, romance",3.26,2043
"action, comedy, romance",3.26,43630
"comedy, romance, thriller",3.26,12094
"action, adventure, sci-fi, thriller, imax",3.26,61846
comedy,3.25,1512682
"adventure, animation",3.25,900
"adventure, romance, sci-fi, imax",3.25,3939
"action, horror, sci-fi",3.25,43426
"action, adventure, comedy, drama, romance",3.25,749
"animation, children, fantasy, mystery",3.25,1880
"adventure, children, musical",3.25,6110
romance,3.25,17256
"sci-fi, thriller",3.24,36081
"adventure, animation, children, musical",3.24,4556
"action, thriller, war",3.24,11311
"action, adventure, fantasy, horror",3.24,22081
"action, fantasy, horror, thriller",3.24,16571
"action, adventure, animation, fantasy, sci-fi",3.23,2921
"action, drama",3.23,86629
"action, adventure, fantasy, sci-fi",3.23,30868
"adventure, comedy, romance",3.23,14931
"adventure, comedy, crime, thriller",3.23,557
"action, adventure, crime, thriller",3.23,26769
"comedy, musical, western",3.23,804
"children, comedy, fantasy, sci-fi",3.23,1884
"animation, children",3.23,34049
"adventure, sci-fi, thriller",3.22,8817
"adventure, animation, fantasy, imax",3.22,1044
"crime, drama, horror, thriller",3.22,2790
"children, musical",3.22,3810
"action, adventure, children, mystery, sci-fi",3.22,1952
"action, comedy, sci-fi, thriller",3.22,923
"comedy, horror, sci-fi",3.21,15043
"drama, war, western",3.21,739
"action, adventure, romance, thriller",3.21,33892
"animation, children, drama, fantasy, imax",3.21,988
"fantasy, mystery, thriller",3.21,690
"adventure, war",3.21,1241
"action, drama, thriller, imax",3.21,2528
"comedy, mystery",3.21,8405
"horror, mystery, sci-fi",3.2,4643
"action, adventure, comedy, fantasy, horror, thriller",3.2,19483
"action, drama, romance, sci-fi",3.2,7917
"comedy, drama, horror",3.2,1527
"adventure, horror, sci-fi",3.2,1195
"horror, western",3.2,3549
"action, comedy, horror, thriller",3.2,16920
"action, comedy, crime",3.2,48855
"action, adventure, comedy",3.2,76794
"comedy, fantasy, sci-fi",3.19,16675
"action, animation",3.19,933
"crime, drama, fantasy, horror, thriller",3.18,1215
"adventure, children, comedy, fantasy, imax",3.18,12503
"crime, musical",3.18,560
"animation, comedy, sci-fi",3.18,785
"adventure, drama, war, western",3.18,1301
"adventure, sci-fi",3.18,29632
"adventure, thriller",3.18,1617
"adventure, animation, comedy, fantasy, imax",3.18,1723
"adventure, drama, romance",3.17,15338
"comedy, mystery, romance",3.17,836
"action, adventure, drama, romance, war",3.17,2870
"adventure, animation, children, comedy, fantasy, sci-fi, imax",3.17,3115
"action, comedy, crime, fantasy",3.17,35353
"action, adventure, comedy, war",3.17,9948
"horror, sci-fi, thriller",3.17,90572
"action, adventure, comedy, crime",3.16,55153
"children, fantasy, musical",3.16,1478
"adventure, animation, children, western",3.16,1204
"action, comedy, crime, drama, thriller",3.16,21781
"adventure, thriller, western",3.16,704
"fantasy, horror, mystery, thriller",3.16,5463
"action, comedy, crime, thriller",3.16,80655
"action, fantasy, horror, imax",3.15,2881
"action, horror, thriller",3.15,27600
"action, adventure, comedy, crime, fantasy",3.14,7570
"animation, fantasy, musical, imax",3.14,1068
"action, crime, horror, thriller",3.14,641
"children, comedy, drama, fantasy",3.14,712
"romance, thriller",3.14,5000
"action, comedy, thriller",3.14,9990
"action, drama, horror, sci-fi, thriller",3.14,2134
"action, adventure, drama, imax",3.14,544
"comedy, crime, romance, thriller",3.13,1047
"action, adventure, drama, fantasy, thriller",3.13,9980
"action, crime, thriller, imax",3.12,5280
"adventure, comedy",3.12,106400
"action, comedy, drama",3.12,7573
"action, adventure, fantasy, romance, imax",3.12,3093
"adventure, comedy, western",3.12,28823
"action, adventure, comedy, horror",3.12,655
"drama, fantasy, mystery, thriller",3.12,1073
"adventure, children, comedy, fantasy, musical",3.11,1990
"animation, sci-fi, imax",3.11,2443
"animation, children, drama, musical, romance",3.1,24137
"children, comedy, romance",3.1,16692
"action, comedy",3.1,140121
"adventure, children, comedy, drama",3.1,2588
"action, horror, sci-fi, thriller",3.1,63864
horror,3.1,186534
"drama, fantasy, horror, mystery, thriller",3.1,3097
adventure,3.09,5040
"adventure, comedy, horror",3.09,1319
"action, crime, drama, sci-fi, thriller",3.09,20043
"adventure, animation, fantasy, sci-fi",3.09,7125
"action, drama, romance, thriller",3.09,3152
"action, crime, horror, mystery, thriller",3.08,814
"drama, horror, romance, thriller",3.08,5612
"horror, mystery, thriller",3.08,75777
"action, drama, mystery",3.08,3980
"comedy, horror",3.08,108366
"crime, drama, musical, thriller",3.07,529
"action, adventure, animation, children, comedy, sci-fi",3.07,3876
"action, thriller, western",3.07,6870
"comedy, sci-fi",3.07,98985
"action, crime, fantasy, sci-fi, thriller",3.07,1439
"comedy, crime, horror",3.06,5583
"action, comedy, war",3.06,15065
"action, romance, sci-fi, thriller",3.05,30966
"action, comedy, fantasy, imax",3.05,6052
"action, adventure, drama, romance",3.04,1807
"adventure, children, comedy, fantasy",3.04,10185
"animation, children, comedy, drama, fantasy",3.04,2654
"comedy, fantasy, horror, thriller",3.04,4984
"action, crime, horror",3.03,2586
"adventure, animation, children, musical, western",3.03,2179
"action, adventure, comedy, thriller",3.02,14404
"adventure, drama, fantasy, romance",3.02,6198
"adventure, children",3.02,35634
"action, drama, fantasy",3.02,2402
"action, comedy, fantasy",3.01,9305
"action, children, drama",3.01,1815
"action, children, sci-fi, imax",3.0,840
"action, comedy, imax",3.0,2382
"action, crime, sci-fi",3.0,29341
"adventure, animation, comedy, fantasy",2.99,623
"drama, fantasy, mystery, romance, thriller",2.98,826
"horror, thriller",2.98,174353
"action, drama, war, imax",2.97,1576
"action, war",2.97,12822
"adventure, animation, children, comedy, imax",2.97,6532
"comedy, horror, mystery, thriller",2.97,31431
"adventure, animation, comedy, crime",2.96,8407
"children, comedy, fantasy",2.96,82164
"action, adventure, crime, sci-fi, thriller",2.96,634
"action, adventure, western, imax",2.95,1634
action,2.94,42276
"action, adventure, fantasy, mystery",2.94,3814
"comedy, horror, romance",2.94,4368
"action, adventure, drama, sci-fi",2.94,15927
"action, adventure, drama, thriller, war",2.93,867
"action, comedy, documentary",2.93,4991
"comedy, thriller",2.91,26789
"adventure, comedy, drama, fantasy, romance",2.91,5279
"comedy, romance, sci-fi, thriller",2.91,608
"action, fantasy, thriller, imax",2.91,2436
"fantasy, horror",2.9,6252
"children, comedy, fantasy, horror",2.9,3714
"action, crime, sci-fi, imax",2.9,1782
"action, adventure, comedy, fantasy, mystery",2.89,3805
"children, comedy, mystery",2.89,1922
"comedy, horror, imax",2.89,1734
"children, comedy",2.89,135968
"horror, thriller, imax",2.88,644
"fantasy, musical, romance",2.88,909
"action, animation, comedy, crime, drama, romance, thriller",2.87,1388
"action, adventure, animation, fantasy, imax",2.87,2645
"drama, horror, mystery, sci-fi, thriller",2.87,2447
"children, comedy, western",2.86,2486
"children, sci-fi",2.85,3191
"adventure, children, drama",2.85,27739
"adventure, children, comedy",2.85,18352
"action, children, comedy, fantasy, sci-fi",2.85,4997
"action, fantasy, sci-fi",2.84,8182
"comedy, crime, musical",2.83,1341
"action, sci-fi, thriller, western, imax",2.83,2474
"action, adventure, animation, children, fantasy",2.82,1522
"action, adventure, children, fantasy",2.82,5045
"action, sci-fi, war",2.82,3837
"animation, children, fantasy, war",2.82,3919
"adventure, animation, children, comedy, fantasy, sci-fi",2.81,11798
"comedy, drama, fantasy, sci-fi",2.81,1590
"comedy, fantasy, romance, sci-fi",2.81,19203
"action, animation, children, comedy",2.81,760
"action, adventure, comedy, crime, thriller",2.81,9138
"adventure, drama, horror, mystery, thriller",2.79,747
"drama, sci-fi, thriller, imax",2.79,2080
"adventure, children, fantasy, sci-fi, thriller",2.78,686
"adventure, romance",2.78,3528
"comedy, musical, sci-fi",2.78,1730
"adventure, fantasy, romance, sci-fi, thriller",2.77,2673
children,2.77,2281
"horror, imax",2.77,1208
"action, comedy, romance, thriller",2.76,2982
"action, adventure, crime, drama, romance, thriller",2.76,1036
"fantasy, horror, sci-fi, western",2.75,610
"children, comedy, fantasy, romance",2.74,2828
"action, comedy, crime, fantasy, thriller, imax",2.72,1783
"adventure, animation, children, fantasy, musical, romance",2.72,2070
"children, comedy, romance, sci-fi",2.72,768
"adventure, children, comedy, fantasy, sci-fi",2.72,16107
"action, adventure, sci-fi, war, imax",2.72,2854
"action, animation, children, fantasy",2.72,571
"comedy, fantasy, thriller",2.71,2549
"comedy, fantasy, musical",2.71,1852
"adventure, comedy, mystery",2.7,644
"comedy, horror, romance, thriller",2.68,2393
"action, adventure, children",2.67,3745
"adventure, comedy, mystery, romance",2.66,2958
"action, fantasy, horror, mystery, thriller",2.65,5214
"action, adventure, fantasy, horror, thriller",2.65,726
"action, comedy, horror, sci-fi",2.64,3383
"adventure, children, comedy, fantasy, romance",2.63,1603
"action, adventure, mystery, sci-fi",2.6,13871
"action, children, fantasy",2.6,3045
"children, comedy, drama, musical, romance",2.59,1168
"action, adventure, children, comedy",2.56,12465
"adventure, romance, thriller",2.53,2537
"adventure, drama, fantasy, romance, imax",2.52,1569
"action, crime, sci-fi, thriller",2.5,5228
"action, fantasy, thriller",2.45,4400
"action, adventure, thriller, war",2.45,3821
"drama, fantasy, romance, thriller",2.44,6435
"action, adventure, crime, drama",2.44,1880
"action, fantasy, sci-fi, thriller",2.44,1677
"adventure, children, fantasy, sci-fi",2.42,835
"fantasy, romance, thriller, imax",2.38,2857
"action, fantasy",2.38,4026
"action, comedy, fantasy, thriller",2.36,679
"adventure, children, comedy, fantasy, mystery",2.35,3119
"drama, fantasy, horror, romance, thriller",2.35,2842
"action, comedy, sci-fi, western",2.32,11723
"children, comedy, sci-fi",2.32,5813
"action, adventure, fantasy, thriller",2.32,15137
"action, children, romance",2.28,3458
"action, adventure, children, comedy, mystery",2.28,1042
"action, horror, mystery, thriller",2.26,680
"action, crime, fantasy",2.23,3338
"adventure, animation, children, fantasy, sci-fi",2.21,1641
"action, adventure, children, drama",2.19,3568
"action, children, comedy",2.11,2811
"action, adventure, children, comedy, fantasy, sci-fi",2.08,5578
"action, children",1.98,3181
"documentary, horror",1.95,1615
"adventure, drama, horror, sci-fi, thriller",1.91,644
